{"stats":{"minecraft:killed":{"minecraft:skeleton":3,"alexsmobs:kangaroo":2,"minecraft:pig":5,"minecraft:sheep":7,"minecraft:zombie":6,"minecraft:cow":12},"minecraft:dropped":{"minecraft:wheat_seeds":5,"minecraft:oak_log":4,"minecraft:dark_oak_sapling":6,"weaponmaster:tutorialbook":2,"minecraft:cobblestone":20,"minecraft:apple":2,"silentgear:sinew":1,"silentgear:blueprint_package":1,"minecraft:stick":4,"alexsmobs:flying_fish":3,"tombstone:grave_dust":1,"minecraft:dark_oak_planks":4,"minecraft:acacia_planks":2,"minecraft:blackstone":64,"alexsmobs:acacia_blossom":4,"minecraft:stone_sword":3,"alexsmobs:animal_dictionary":2,"minecraft:cobbled_deepslate":187,"minecraft:tuff":1,"minecraft:oak_planks":1,"sophisticatedbackpacks:backpack":1,"minecraft:white_bed":1,"minecraft:spruce_planks":2,"minecraft:arrow":2,"minecraft:bow":1,"minecraft:wooden_pickaxe":1,"minecraft:stone_pickaxe":1,"minecraft:netherrack":29,"minecraft:black_wool":1,"onlyhammersandexcavators:diamond_hammer":2},"minecraft:picked_up":{"minecraft:crafting_table":1,"croptopia:peach":13,"weaponmaster:wm_rapierlarge":1,"silentgear:sinew":9,"minecraft:string":7,"minecraft:blackstone":128,"minecraft:cobbled_deepslate":344,"minecraft:spruce_planks":2,"minecraft:beef":25,"minecraft:sugar_cane":17,"minecraft:furnace":2,"minecraft:dark_oak_sapling":6,"minecraft:stick":14,"minecraft:raw_iron":31,"minecraft:torch":3,"minecraft:acacia_log":10,"minecraft:porkchop":8,"minecraft:redstone":67,"minecraft:dark_oak_planks":8,"minecraft:stone_sword":2,"minecraft:arrow":4,"minecraft:rotten_flesh":7,"minecraft:glow_berries":4,"minecraft:obsidian":22,"minecraft:mutton":12,"alexsmobs:flying_fish":3,"alexsmobs:kangaroo_meat":2,"minecraft:white_wool":6,"minecraft:cobblestone":44,"minecraft:leather":9,"alexsmobs:acacia_blossom":4,"minecraft:tuff":26,"minecraft:oak_log":8,"minecraft:lapis_lazuli":16,"minecraft:dirt":5,"bhc:red_heart":2,"minecraft:bone":4,"minecraft:apple":3,"minecraft:bow":1,"minecraft:wheat_seeds":4,"minecraft:raw_gold":16,"weaponmaster:tutorialbook":1,"minecraft:acacia_sapling":4,"minecraft:book":3,"minecraft:dark_oak_log":8,"alexsmobs:animal_dictionary":1,"alexsmobs:kangaroo_hide":2,"minecraft:diamond":39,"onlyhammersandexcavators:diamond_hammer":1,"tombstone:magic_scroll":1,"minecraft:netherrack":58,"minecraft:black_wool":1,"minecraft:coal":61},"minecraft:crafted":{"minecraft:oak_planks":16,"onlyhammersandexcavators:obsidian_hammer":1,"minecraft:furnace":2,"minecraft:cooked_mutton":12,"minecraft:diamond_block":2,"onlyhammersandexcavators:diamond_hammer":1,"minecraft:stone_pickaxe":1,"minecraft:chest":2,"minecraft:dark_oak_planks":32,"minecraft:cooked_beef":4,"sophisticatedbackpacks:backpack":1,"minecraft:crafting_table":5,"minecraft:wooden_pickaxe":1,"alexsmobs:cooked_kangaroo_meat":1,"minecraft:iron_sword":1,"minecraft:bucket":1,"minecraft:stone_axe":1,"minecraft:acacia_boat":1,"minecraft:air":0,"minecraft:oak_boat":1,"minecraft:iron_chestplate":1,"minecraft:shield":1,"minecraft:stick":16,"minecraft:iron_ingot":13,"minecraft:stone_sword":1,"minecraft:iron_leggings":1,"minecraft:white_bed":2,"minecraft:acacia_planks":40,"minecraft:torch":44},"minecraft:custom":{"minecraft:mob_kills":35,"minecraft:interact_with_crafting_table":22,"minecraft:open_barrel":2,"minecraft:damage_dealt_resisted":0,"minecraft:leave_game":5,"minecraft:time_since_death":50708,"minecraft:climb_one_cm":249,"minecraft:damage_resisted":0,"minecraft:sprint_one_cm":231688,"minecraft:walk_one_cm":243250,"minecraft:damage_blocked_by_shield":290,"minecraft:drop":48,"minecraft:play_time":104497,"minecraft:deaths":4,"minecraft:sneak_time":686,"minecraft:walk_under_water_one_cm":17907,"minecraft:boat_one_cm":111833,"minecraft:jump":2297,"minecraft:interact_with_blast_furnace":1,"minecraft:walk_on_water_one_cm":61077,"minecraft:total_world_time":104497,"minecraft:interact_with_furnace":15,"minecraft:interact_with_loom":1,"minecraft:time_since_rest":49803,"minecraft:damage_taken":1924,"minecraft:trigger_trapped_chest":2,"minecraft:damage_dealt":4433,"minecraft:swim_one_cm":38749,"minecraft:fly_one_cm":512682,"minecraft:open_chest":6,"minecraft:crouch_one_cm":232,"tombstone:undead_killed":9,"minecraft:fall_one_cm":74819},"minecraft:used":{"minecraft:stone_sword":56,"minecraft:chest":1,"minecraft:shield":10,"minecraft:iron_sword":37,"minecraft:torch":44,"minecraft:dirt":5,"alexsmobs:cooked_kangaroo_meat":1,"minecraft:lava_bucket":8,"croptopia:peach":13,"minecraft:beef":2,"minecraft:furnace":3,"tombstone:gift":1,"minecraft:cooked_beef":4,"minecraft:cobbled_deepslate":39,"onlyhammersandexcavators:obsidian_hammer":364,"minecraft:cooked_mutton":7,"minecraft:acacia_boat":1,"minecraft:water_bucket":173,"minecraft:stone_pickaxe":113,"minecraft:wooden_pickaxe":3,"minecraft:crafting_table":6,"alexscaves:cave_book":1,"alexsmobs:kangaroo_meat":1,"minecraft:stone_axe":50,"minecraft:porkchop":8,"minecraft:bucket":182,"minecraft:oak_boat":1},"minecraft:mined":{"minecraft:tuff":25,"minecraft:deepslate_diamond_ore":16,"minecraft:obsidian":8,"minecraft:grass_block":4,"minecraft:moss_block":1,"minecraft:furnace":2,"minecraft:iron_ore":18,"minecraft:fire":3,"treechop:chopped_log":4,"minecraft:deepslate_lapis_ore":2,"minecraft:big_dripleaf_stem":1,"minecraft:bookshelf":2,"minecraft:cave_vines":12,"minecraft:deepslate_iron_ore":13,"minecraft:stone":42,"mekanism:deepslate_lead_ore":4,"minecraft:deepslate_redstone_ore":17,"minecraft:clay":7,"minecraft:crafting_table":2,"minecraft:tall_grass":14,"minecraft:cobblestone":5,"minecraft:deepslate_gold_ore":16,"minecraft:sugar_cane":8,"minecraft:wall_torch":1,"minecraft:birch_leaves":1,"minecraft:tnt":2,"minecraft:grass":15,"minecraft:coal_ore":44,"minecraft:dirt":1,"minecraft:deepslate":217},"minecraft:killed_by":{"minecraft:player":2,"iceandfire:sea_serpent":1,"iceandfire:hippogryph":1}},"DataVersion":3465}