{"stats":{"minecraft:mined":{"minecraft:iron_ore":7,"treechop:chopped_log":3,"minecraft:grass":2,"minecraft:grass_block":4,"minecraft:coal_ore":25,"minecraft:dirt":1,"minecraft:stone":19,"minecraft:sugar_cane":8,"minecraft:wall_torch":1},"minecraft:custom":{"minecraft:time_since_rest":13639,"minecraft:interact_with_furnace":5,"minecraft:sprint_one_cm":70384,"minecraft:damage_taken":1073,"minecraft:walk_one_cm":46986,"minecraft:mob_kills":4,"minecraft:drop":8,"minecraft:damage_dealt":859,"minecraft:swim_one_cm":9184,"minecraft:interact_with_crafting_table":6,"minecraft:fly_one_cm":188569,"minecraft:play_time":21831,"minecraft:deaths":3,"minecraft:sneak_time":25,"minecraft:walk_under_water_one_cm":191,"minecraft:damage_dealt_resisted":0,"minecraft:jump":727,"minecraft:time_since_death":15249,"minecraft:walk_on_water_one_cm":1557,"minecraft:total_world_time":21831,"minecraft:fall_one_cm":20649},"minecraft:crafted":{"minecraft:cooked_beef":4,"minecraft:crafting_table":2,"minecraft:stick":12,"minecraft:wooden_pickaxe":1,"minecraft:iron_ingot":1,"minecraft:stone_pickaxe":1,"alexsmobs:cooked_kangaroo_meat":1,"minecraft:stone_sword":1,"minecraft:furnace":1,"minecraft:acacia_planks":40,"minecraft:torch":32,"minecraft:stone_axe":1,"minecraft:air":0},"minecraft:dropped":{"alexsmobs:animal_dictionary":2,"weaponmaster:tutorialbook":2,"tombstone:grave_dust":1,"minecraft:wooden_pickaxe":1,"silentgear:sinew":1,"silentgear:blueprint_package":1},"minecraft:picked_up":{"minecraft:dark_oak_sapling":6,"minecraft:stick":3,"minecraft:raw_iron":7,"minecraft:leather":1,"minecraft:torch":1,"alexsmobs:acacia_blossom":4,"minecraft:acacia_log":10,"minecraft:dark_oak_log":8,"minecraft:dirt":5,"silentgear:sinew":1,"alexsmobs:animal_dictionary":1,"alexsmobs:kangaroo_hide":2,"minecraft:rotten_flesh":2,"minecraft:beef":6,"weaponmaster:tutorialbook":1,"minecraft:sugar_cane":17,"minecraft:acacia_sapling":4,"minecraft:coal":25,"alexsmobs:kangaroo_meat":2,"minecraft:cobblestone":19},"minecraft:killed_by":{"minecraft:player":2,"iceandfire:hippogryph":1},"minecraft:killed":{"alexsmobs:kangaroo":2,"minecraft:cow":2},"minecraft:used":{"minecraft:stone_sword":23,"minecraft:stone_pickaxe":48,"alexsmobs:kangaroo_meat":1,"minecraft:wooden_pickaxe":3,"minecraft:stone_axe":13,"minecraft:torch":4,"minecraft:dirt":5,"minecraft:beef":2,"minecraft:crafting_table":2,"minecraft:furnace":1,"tombstone:gift":1,"minecraft:cooked_beef":3}},"DataVersion":3465}