{"stats":{"minecraft:dropped":{"minecraft:stone_sword":2,"alexsmobs:animal_dictionary":2,"weaponmaster:tutorialbook":2,"silentgear:sinew":1,"silentgear:blueprint_package":1,"alexsmobs:flying_fish":1,"tombstone:grave_dust":1,"minecraft:bow":1,"minecraft:wooden_pickaxe":1},"minecraft:killed":{"minecraft:pig":5,"minecraft:sheep":7,"alexsmobs:kangaroo":2,"minecraft:cow":12},"minecraft:picked_up":{"minecraft:crafting_table":1,"croptopia:peach":13,"minecraft:leather":9,"alexsmobs:acacia_blossom":4,"minecraft:tuff":1,"minecraft:oak_log":8,"silentgear:sinew":9,"minecraft:dirt":5,"minecraft:apple":1,"minecraft:bow":1,"minecraft:wheat_seeds":3,"minecraft:cobbled_deepslate":2,"minecraft:spruce_planks":2,"minecraft:beef":25,"weaponmaster:tutorialbook":1,"minecraft:sugar_cane":17,"minecraft:acacia_sapling":4,"minecraft:furnace":2,"minecraft:book":3,"minecraft:dark_oak_sapling":6,"minecraft:stick":10,"minecraft:raw_iron":18,"minecraft:torch":1,"minecraft:acacia_log":10,"minecraft:porkchop":8,"minecraft:dark_oak_log":8,"alexsmobs:animal_dictionary":1,"minecraft:stone_sword":2,"alexsmobs:kangaroo_hide":2,"minecraft:arrow":2,"minecraft:rotten_flesh":2,"tombstone:magic_scroll":1,"alexsmobs:flying_fish":2,"minecraft:black_wool":1,"minecraft:mutton":12,"minecraft:coal":61,"alexsmobs:kangaroo_meat":2,"minecraft:white_wool":6,"minecraft:cobblestone":40},"minecraft:crafted":{"minecraft:cooked_beef":4,"minecraft:oak_planks":12,"minecraft:crafting_table":3,"minecraft:wooden_pickaxe":1,"alexsmobs:cooked_kangaroo_meat":1,"minecraft:iron_sword":1,"minecraft:furnace":2,"minecraft:bucket":1,"minecraft:stone_axe":1,"minecraft:cooked_mutton":12,"minecraft:acacia_boat":1,"minecraft:air":0,"minecraft:oak_boat":1,"minecraft:iron_chestplate":1,"minecraft:shield":1,"minecraft:stick":12,"minecraft:iron_ingot":13,"minecraft:stone_pickaxe":1,"minecraft:stone_sword":1,"minecraft:iron_leggings":1,"minecraft:acacia_planks":40,"minecraft:torch":32},"minecraft:custom":{"minecraft:interact_with_furnace":15,"minecraft:mob_kills":26,"minecraft:interact_with_crafting_table":14,"minecraft:damage_dealt_resisted":0,"minecraft:leave_game":1,"minecraft:time_since_death":46070,"minecraft:damage_resisted":0,"minecraft:time_since_rest":44460,"minecraft:sprint_one_cm":157110,"minecraft:damage_taken":1413,"minecraft:walk_one_cm":99828,"minecraft:damage_blocked_by_shield":95,"minecraft:trigger_trapped_chest":2,"minecraft:drop":12,"minecraft:damage_dealt":3035,"minecraft:swim_one_cm":38329,"minecraft:fly_one_cm":363823,"minecraft:crouch_one_cm":142,"minecraft:play_time":52652,"minecraft:deaths":3,"minecraft:sneak_time":521,"minecraft:walk_under_water_one_cm":4210,"minecraft:boat_one_cm":111833,"minecraft:jump":1608,"minecraft:walk_on_water_one_cm":11616,"minecraft:total_world_time":52652,"minecraft:fall_one_cm":66014},"minecraft:mined":{"minecraft:crafting_table":2,"minecraft:grass_block":4,"minecraft:tall_grass":13,"minecraft:sugar_cane":8,"minecraft:wall_torch":1,"minecraft:furnace":2,"minecraft:iron_ore":18,"minecraft:birch_leaves":1,"minecraft:tnt":2,"treechop:chopped_log":4,"minecraft:grass":15,"minecraft:bookshelf":2,"minecraft:coal_ore":44,"minecraft:dirt":1,"minecraft:stone":42},"minecraft:used":{"minecraft:acacia_boat":1,"minecraft:water_bucket":2,"minecraft:stone_sword":56,"minecraft:stone_pickaxe":103,"minecraft:wooden_pickaxe":3,"minecraft:shield":3,"minecraft:torch":7,"minecraft:dirt":5,"minecraft:crafting_table":4,"alexsmobs:cooked_kangaroo_meat":1,"alexsmobs:kangaroo_meat":1,"minecraft:stone_axe":50,"croptopia:peach":13,"minecraft:beef":2,"minecraft:furnace":3,"minecraft:porkchop":8,"minecraft:bucket":3,"tombstone:gift":1,"minecraft:oak_boat":1,"minecraft:cooked_beef":4},"minecraft:killed_by":{"minecraft:player":2,"iceandfire:hippogryph":1}},"DataVersion":3465}