{"stats":{"minecraft:killed":{"alexsmobs:kangaroo":1},"minecraft:picked_up":{"alexsmobs:kangaroo_hide":1,"minecraft:acacia_log":4,"alexsmobs:kangaroo_meat":1,"minecraft:coal":21,"minecraft:acacia_sapling":2,"minecraft:cobblestone":14},"minecraft:custom":{"minecraft:time_since_rest":3360,"minecraft:play_time":5512,"minecraft:sprint_one_cm":9369,"minecraft:walk_one_cm":10008,"minecraft:damage_taken":708,"minecraft:deaths":2,"minecraft:mob_kills":1,"minecraft:drop":4,"minecraft:jump":116,"minecraft:damage_dealt":220,"minecraft:time_since_death":3583,"minecraft:total_world_time":5512,"minecraft:interact_with_crafting_table":3,"minecraft:fall_one_cm":3608,"minecraft:fly_one_cm":24990},"minecraft:killed_by":{"minecraft:player":2},"minecraft:mined":{"minecraft:coal_ore":21,"minecraft:stone":14,"treechop:chopped_log":1},"minecraft:dropped":{"minecraft:wooden_pickaxe":1,"alexsmobs:animal_dictionary":1,"weaponmaster:tutorialbook":1,"silentgear:blueprint_package":1},"minecraft:used":{"minecraft:stone_sword":5,"minecraft:crafting_table":1,"minecraft:stone_pickaxe":32,"alexsmobs:kangaroo_meat":1,"tombstone:gift":1,"minecraft:wooden_pickaxe":3},"minecraft:crafted":{"minecraft:stone_sword":1,"minecraft:acacia_planks":16,"minecraft:stone_axe":1,"minecraft:crafting_table":1,"minecraft:stick":12,"minecraft:wooden_pickaxe":1,"minecraft:stone_pickaxe":1}},"DataVersion":3465}