{"stats":{"minecraft:mined":{"mekanism:deepslate_lead_ore":4,"minecraft:deepslate_redstone_ore":17,"minecraft:tuff":16,"minecraft:deepslate_diamond_ore":11,"minecraft:obsidian":4,"minecraft:crafting_table":2,"minecraft:grass_block":4,"minecraft:tall_grass":13,"minecraft:cobblestone":5,"minecraft:deepslate_gold_ore":16,"minecraft:sugar_cane":8,"minecraft:wall_torch":1,"minecraft:furnace":2,"minecraft:iron_ore":18,"minecraft:fire":3,"minecraft:birch_leaves":1,"treechop:chopped_log":4,"minecraft:tnt":2,"minecraft:deepslate_lapis_ore":2,"minecraft:deepslate_iron_ore":5,"minecraft:cave_vines":12,"minecraft:grass":15,"minecraft:bookshelf":2,"minecraft:coal_ore":44,"minecraft:dirt":1,"minecraft:stone":42,"minecraft:deepslate":145},"minecraft:killed_by":{"minecraft:player":2,"iceandfire:sea_serpent":1,"iceandfire:hippogryph":1},"minecraft:killed":{"minecraft:pig":5,"minecraft:skeleton":1,"minecraft:sheep":7,"minecraft:zombie":2,"alexsmobs:kangaroo":2,"minecraft:cow":12},"minecraft:crafted":{"minecraft:cooked_beef":4,"minecraft:oak_planks":16,"minecraft:crafting_table":4,"onlyhammersandexcavators:obsidian_hammer":1,"minecraft:wooden_pickaxe":1,"alexsmobs:cooked_kangaroo_meat":1,"minecraft:iron_sword":1,"minecraft:furnace":2,"minecraft:bucket":1,"minecraft:stone_axe":1,"minecraft:acacia_boat":1,"minecraft:cooked_mutton":12,"minecraft:air":0,"minecraft:oak_boat":1,"minecraft:iron_chestplate":1,"minecraft:shield":1,"minecraft:stick":12,"minecraft:iron_ingot":13,"minecraft:stone_pickaxe":1,"minecraft:stone_sword":1,"minecraft:iron_leggings":1,"minecraft:white_bed":2,"minecraft:acacia_planks":40,"minecraft:torch":44},"minecraft:custom":{"minecraft:interact_with_furnace":15,"minecraft:mob_kills":29,"minecraft:interact_with_crafting_table":17,"minecraft:open_barrel":2,"minecraft:interact_with_loom":1,"minecraft:damage_dealt_resisted":0,"minecraft:leave_game":4,"minecraft:time_since_death":29524,"minecraft:climb_one_cm":28,"minecraft:damage_resisted":0,"minecraft:time_since_rest":28619,"minecraft:sprint_one_cm":204441,"minecraft:damage_taken":1610,"minecraft:walk_one_cm":190432,"minecraft:damage_blocked_by_shield":145,"minecraft:trigger_trapped_chest":2,"minecraft:drop":32,"minecraft:damage_dealt":3627,"minecraft:swim_one_cm":38749,"tombstone:undead_killed":3,"minecraft:fly_one_cm":420415,"minecraft:play_time":83313,"minecraft:crouch_one_cm":232,"minecraft:deaths":4,"minecraft:sneak_time":632,"minecraft:walk_under_water_one_cm":7587,"minecraft:boat_one_cm":111833,"minecraft:jump":1991,"minecraft:interact_with_blast_furnace":1,"minecraft:walk_on_water_one_cm":45884,"minecraft:fall_one_cm":69765,"minecraft:total_world_time":83313},"minecraft:used":{"onlyhammersandexcavators:obsidian_hammer":245,"minecraft:cooked_mutton":3,"minecraft:acacia_boat":1,"minecraft:water_bucket":131,"minecraft:stone_sword":56,"minecraft:stone_pickaxe":113,"minecraft:wooden_pickaxe":3,"minecraft:shield":4,"minecraft:iron_sword":13,"minecraft:torch":35,"minecraft:dirt":5,"minecraft:crafting_table":5,"alexscaves:cave_book":1,"alexsmobs:cooked_kangaroo_meat":1,"minecraft:lava_bucket":8,"alexsmobs:kangaroo_meat":1,"minecraft:stone_axe":50,"croptopia:peach":13,"minecraft:beef":2,"minecraft:furnace":3,"minecraft:porkchop":8,"minecraft:bucket":140,"tombstone:gift":1,"minecraft:cooked_beef":4,"minecraft:cobbled_deepslate":26,"minecraft:oak_boat":1},"minecraft:picked_up":{"minecraft:crafting_table":1,"croptopia:peach":13,"minecraft:leather":9,"alexsmobs:acacia_blossom":4,"minecraft:tuff":17,"minecraft:oak_log":8,"minecraft:lapis_lazuli":16,"silentgear:sinew":9,"minecraft:dirt":5,"minecraft:bone":2,"minecraft:apple":1,"minecraft:bow":1,"minecraft:wheat_seeds":3,"minecraft:raw_gold":16,"minecraft:cobbled_deepslate":297,"minecraft:spruce_planks":2,"minecraft:beef":25,"weaponmaster:tutorialbook":1,"minecraft:sugar_cane":17,"minecraft:acacia_sapling":4,"minecraft:furnace":2,"minecraft:book":3,"minecraft:dark_oak_sapling":6,"minecraft:stick":10,"minecraft:raw_iron":23,"minecraft:torch":3,"minecraft:acacia_log":10,"minecraft:porkchop":8,"minecraft:redstone":67,"minecraft:dark_oak_log":8,"alexsmobs:animal_dictionary":1,"minecraft:stone_sword":2,"alexsmobs:kangaroo_hide":2,"minecraft:arrow":3,"minecraft:rotten_flesh":5,"minecraft:diamond":24,"minecraft:glow_berries":4,"tombstone:magic_scroll":1,"minecraft:black_wool":1,"minecraft:obsidian":18,"minecraft:mutton":12,"alexsmobs:flying_fish":3,"minecraft:coal":61,"alexsmobs:kangaroo_meat":2,"minecraft:white_wool":6,"minecraft:cobblestone":44},"minecraft:dropped":{"minecraft:wheat_seeds":4,"alexsmobs:acacia_blossom":4,"minecraft:stone_sword":3,"alexsmobs:animal_dictionary":2,"minecraft:cobbled_deepslate":139,"weaponmaster:tutorialbook":2,"minecraft:tuff":1,"minecraft:cobblestone":20,"minecraft:oak_planks":1,"minecraft:white_bed":1,"silentgear:sinew":1,"silentgear:blueprint_package":1,"minecraft:spruce_planks":2,"alexsmobs:flying_fish":3,"tombstone:grave_dust":1,"minecraft:arrow":2,"minecraft:bow":1,"minecraft:stone_pickaxe":1,"minecraft:wooden_pickaxe":1,"minecraft:black_wool":1,"minecraft:acacia_planks":2}},"DataVersion":3465}