{"stats":{"minecraft:mined":{"mekanism:deepslate_lead_ore":4,"minecraft:deepslate_redstone_ore":7,"minecraft:deepslate_diamond_ore":1,"minecraft:crafting_table":2,"minecraft:grass_block":4,"minecraft:tall_grass":13,"minecraft:cobblestone":5,"minecraft:sugar_cane":8,"minecraft:wall_torch":1,"minecraft:furnace":2,"minecraft:iron_ore":18,"minecraft:fire":3,"minecraft:birch_leaves":1,"treechop:chopped_log":4,"minecraft:tnt":2,"minecraft:deepslate_lapis_ore":2,"minecraft:grass":15,"minecraft:bookshelf":2,"minecraft:coal_ore":44,"minecraft:dirt":1,"minecraft:stone":42,"minecraft:deepslate":73},"minecraft:killed_by":{"minecraft:player":2,"iceandfire:sea_serpent":1,"iceandfire:hippogryph":1},"minecraft:killed":{"minecraft:pig":5,"minecraft:sheep":7,"alexsmobs:kangaroo":2,"minecraft:cow":12},"minecraft:crafted":{"minecraft:cooked_beef":4,"minecraft:oak_planks":16,"minecraft:crafting_table":4,"onlyhammersandexcavators:obsidian_hammer":1,"minecraft:wooden_pickaxe":1,"alexsmobs:cooked_kangaroo_meat":1,"minecraft:iron_sword":1,"minecraft:furnace":2,"minecraft:bucket":1,"minecraft:stone_axe":1,"minecraft:acacia_boat":1,"minecraft:cooked_mutton":12,"minecraft:air":0,"minecraft:oak_boat":1,"minecraft:iron_chestplate":1,"minecraft:shield":1,"minecraft:stick":12,"minecraft:iron_ingot":13,"minecraft:stone_pickaxe":1,"minecraft:stone_sword":1,"minecraft:iron_leggings":1,"minecraft:white_bed":2,"minecraft:acacia_planks":40,"minecraft:torch":32},"minecraft:custom":{"minecraft:interact_with_furnace":15,"minecraft:mob_kills":26,"minecraft:interact_with_crafting_table":17,"minecraft:open_barrel":2,"minecraft:interact_with_loom":1,"minecraft:damage_dealt_resisted":0,"minecraft:leave_game":4,"minecraft:time_since_death":17524,"minecraft:damage_resisted":0,"minecraft:time_since_rest":16619,"minecraft:sprint_one_cm":182011,"minecraft:damage_taken":1571,"minecraft:walk_one_cm":150934,"minecraft:damage_blocked_by_shield":95,"minecraft:trigger_trapped_chest":2,"minecraft:drop":32,"minecraft:damage_dealt":3035,"minecraft:swim_one_cm":38476,"minecraft:fly_one_cm":405094,"minecraft:play_time":71313,"minecraft:crouch_one_cm":232,"minecraft:deaths":4,"minecraft:sneak_time":632,"minecraft:walk_under_water_one_cm":4586,"minecraft:boat_one_cm":111833,"minecraft:jump":1825,"minecraft:interact_with_blast_furnace":1,"minecraft:walk_on_water_one_cm":26425,"minecraft:fall_one_cm":68507,"minecraft:total_world_time":71313},"minecraft:used":{"onlyhammersandexcavators:obsidian_hammer":94,"minecraft:cooked_mutton":1,"minecraft:acacia_boat":1,"minecraft:water_bucket":69,"minecraft:stone_sword":56,"minecraft:stone_pickaxe":113,"minecraft:wooden_pickaxe":3,"minecraft:shield":3,"minecraft:torch":19,"minecraft:dirt":5,"minecraft:crafting_table":5,"alexsmobs:cooked_kangaroo_meat":1,"minecraft:lava_bucket":8,"alexsmobs:kangaroo_meat":1,"minecraft:stone_axe":50,"croptopia:peach":13,"minecraft:beef":2,"minecraft:furnace":3,"minecraft:porkchop":8,"minecraft:bucket":77,"tombstone:gift":1,"minecraft:cooked_beef":4,"minecraft:cobbled_deepslate":12,"minecraft:oak_boat":1},"minecraft:picked_up":{"minecraft:crafting_table":1,"croptopia:peach":13,"minecraft:leather":9,"alexsmobs:acacia_blossom":4,"minecraft:tuff":1,"minecraft:oak_log":8,"minecraft:lapis_lazuli":16,"silentgear:sinew":9,"minecraft:dirt":5,"minecraft:apple":1,"minecraft:bow":1,"minecraft:wheat_seeds":3,"minecraft:cobbled_deepslate":223,"minecraft:spruce_planks":2,"minecraft:beef":25,"weaponmaster:tutorialbook":1,"minecraft:sugar_cane":17,"minecraft:acacia_sapling":4,"minecraft:furnace":2,"minecraft:book":3,"minecraft:dark_oak_sapling":6,"minecraft:stick":10,"minecraft:raw_iron":18,"minecraft:torch":1,"minecraft:acacia_log":10,"minecraft:porkchop":8,"minecraft:redstone":29,"minecraft:dark_oak_log":8,"alexsmobs:animal_dictionary":1,"minecraft:stone_sword":2,"alexsmobs:kangaroo_hide":2,"minecraft:arrow":2,"minecraft:rotten_flesh":2,"minecraft:diamond":14,"tombstone:magic_scroll":1,"minecraft:black_wool":1,"minecraft:obsidian":14,"minecraft:mutton":12,"alexsmobs:flying_fish":3,"minecraft:coal":61,"alexsmobs:kangaroo_meat":2,"minecraft:white_wool":6,"minecraft:cobblestone":44},"minecraft:dropped":{"minecraft:wheat_seeds":4,"alexsmobs:acacia_blossom":4,"minecraft:stone_sword":3,"alexsmobs:animal_dictionary":2,"minecraft:cobbled_deepslate":139,"weaponmaster:tutorialbook":2,"minecraft:tuff":1,"minecraft:cobblestone":20,"minecraft:oak_planks":1,"minecraft:white_bed":1,"silentgear:sinew":1,"silentgear:blueprint_package":1,"minecraft:spruce_planks":2,"alexsmobs:flying_fish":3,"tombstone:grave_dust":1,"minecraft:arrow":2,"minecraft:bow":1,"minecraft:stone_pickaxe":1,"minecraft:wooden_pickaxe":1,"minecraft:black_wool":1,"minecraft:acacia_planks":2}},"DataVersion":3465}