{"stats":{"minecraft:mined":{"minecraft:crafting_table":1,"minecraft:grass_block":4,"minecraft:tall_grass":8,"minecraft:sugar_cane":8,"minecraft:wall_torch":1,"minecraft:furnace":1,"minecraft:iron_ore":18,"treechop:chopped_log":4,"minecraft:grass":10,"minecraft:coal_ore":44,"minecraft:dirt":1,"minecraft:stone":42},"minecraft:custom":{"minecraft:interact_with_furnace":9,"minecraft:mob_kills":22,"minecraft:interact_with_crafting_table":9,"minecraft:damage_dealt_resisted":0,"minecraft:time_since_death":27249,"minecraft:time_since_rest":25639,"minecraft:sprint_one_cm":112951,"minecraft:damage_taken":1093,"minecraft:walk_one_cm":70998,"minecraft:drop":8,"minecraft:damage_dealt":2599,"minecraft:swim_one_cm":9184,"minecraft:fly_one_cm":289028,"minecraft:play_time":33831,"minecraft:deaths":3,"minecraft:sneak_time":30,"minecraft:walk_under_water_one_cm":434,"minecraft:boat_one_cm":33840,"minecraft:jump":1198,"minecraft:walk_on_water_one_cm":1715,"minecraft:total_world_time":33831,"minecraft:fall_one_cm":33450},"minecraft:crafted":{"minecraft:cooked_beef":4,"minecraft:crafting_table":3,"minecraft:wooden_pickaxe":1,"alexsmobs:cooked_kangaroo_meat":1,"minecraft:furnace":2,"minecraft:bucket":1,"minecraft:stone_axe":1,"minecraft:acacia_boat":1,"minecraft:air":0,"minecraft:shield":1,"minecraft:stick":12,"minecraft:iron_ingot":13,"minecraft:stone_pickaxe":1,"minecraft:stone_sword":1,"minecraft:acacia_planks":40,"minecraft:torch":32},"minecraft:dropped":{"alexsmobs:animal_dictionary":2,"weaponmaster:tutorialbook":2,"silentgear:sinew":1,"silentgear:blueprint_package":1,"tombstone:grave_dust":1,"minecraft:wooden_pickaxe":1},"minecraft:picked_up":{"minecraft:crafting_table":1,"croptopia:peach":13,"minecraft:leather":9,"alexsmobs:acacia_blossom":4,"minecraft:oak_log":8,"silentgear:sinew":9,"minecraft:dirt":5,"minecraft:apple":1,"minecraft:wheat_seeds":2,"minecraft:beef":25,"weaponmaster:tutorialbook":1,"minecraft:sugar_cane":17,"minecraft:acacia_sapling":4,"minecraft:furnace":1,"minecraft:dark_oak_sapling":6,"minecraft:stick":10,"minecraft:raw_iron":18,"minecraft:torch":1,"minecraft:acacia_log":10,"minecraft:porkchop":8,"minecraft:dark_oak_log":8,"alexsmobs:animal_dictionary":1,"alexsmobs:kangaroo_hide":2,"minecraft:rotten_flesh":2,"minecraft:black_wool":1,"minecraft:mutton":4,"minecraft:coal":44,"alexsmobs:kangaroo_meat":2,"minecraft:white_wool":2,"minecraft:cobblestone":40},"minecraft:killed_by":{"minecraft:player":2,"iceandfire:hippogryph":1},"minecraft:killed":{"minecraft:pig":5,"minecraft:sheep":3,"alexsmobs:kangaroo":2,"minecraft:cow":12},"minecraft:used":{"minecraft:acacia_boat":1,"minecraft:water_bucket":1,"minecraft:stone_sword":41,"minecraft:stone_pickaxe":102,"minecraft:wooden_pickaxe":3,"minecraft:torch":7,"minecraft:dirt":5,"minecraft:crafting_table":3,"alexsmobs:cooked_kangaroo_meat":1,"alexsmobs:kangaroo_meat":1,"minecraft:stone_axe":45,"croptopia:peach":3,"minecraft:beef":2,"minecraft:furnace":2,"minecraft:bucket":2,"tombstone:gift":1,"minecraft:cooked_beef":4}},"DataVersion":3465}