{"stats":{"minecraft:picked_up":{"minecraft:stick":1,"minecraft:acacia_sapling":1,"minecraft:acacia_log":8},"minecraft:custom":{"minecraft:jump":26,"minecraft:time_since_rest":4121,"minecraft:crouch_one_cm":140,"minecraft:leave_game":1,"minecraft:sprint_one_cm":3604,"minecraft:play_time":4121,"minecraft:time_since_death":4121,"minecraft:walk_one_cm":4130,"minecraft:sneak_time":27,"minecraft:total_world_time":4121,"minecraft:fall_one_cm":209,"minecraft:fly_one_cm":2625},"minecraft:mined":{"minecraft:acacia_log":1,"treechop:chopped_log":1}},"DataVersion":3465}