{"stats":{"minecraft:dropped":{"minecraft:diamond":13,"minecraft:deepslate_tile_wall":3,"minecraft:leather":1,"minecraft:cracked_stone_bricks":1,"minecraft:flint":15,"minecraft:dirt":17,"minecraft:mutton":1,"alexsmobs:flying_fish":1,"silentgear:nether_banana":1,"minecraft:bone_meal":2,"minecraft:polished_blackstone_bricks":5,"minecraft:dark_oak_planks":4,"minecraft:blackstone":64,"minecraft:cobbled_deepslate":1292,"minecraft:birch_sapling":18,"minecraft:obsidian":14,"minecraft:cooked_mutton":4,"deeperdarker:heart_of_the_deep":1,"apotheosis:gem":1,"minecraft:basalt":192,"minecraft:iron_bars":2,"minecraft:stone_brick_stairs":1,"minecraft:netherrack":132,"mekanism:fluorite_gem":3,"minecraft:bread":60,"minecraft:wheat_seeds":1,"minecraft:cobblestone":200,"minecraft:apple":20,"silentgear:sinew":8,"minecraft:stick":2,"tombstone:grave_dust":2,"mekanism:raw_osmium":2,"minecraft:string":5,"minecraft:acacia_planks":1,"minecraft:redstone":8,"minecraft:pink_tulip":2,"alexsmobs:acacia_blossom":5,"weaponmaster:wm_rapier":1,"minecraft:tuff":323,"minecraft:mossy_stone_bricks":2,"minecraft:stone_bricks":3,"minecraft:wooden_pickaxe":1,"weaponmaster:wm_rapierlarge":1},"minecraft:picked_up":{"silentgear:raw_crimson_iron":6,"minecraft:wheat":10,"mekanism:raw_uranium":8,"minecraft:enchanted_book":1,"minecraft:stone_brick_stairs":1,"minecraft:brewing_stand":1,"iceandfire:manuscript":5,"silentgear:sinew":13,"minecraft:dark_oak_trapdoor":1,"minecraft:raw_copper":25,"alexsmobs:dropbear_claw":1,"alexsmobs:emu_feather":2,"minecraft:cobbled_deepslate":2418,"minecraft:gold_nugget":62,"minecraft:deepslate_tile_wall":3,"minecraft:furnace":1,"iceandfire:ghost_chest":1,"minecraft:stick":24,"apotheosis:gem":2,"minecraft:composter":8,"minecraft:acacia_log":24,"minecraft:torch":3,"deeperdarker:heart_of_the_deep":10,"minecraft:porkchop":9,"tombstone:grave_dust":2,"mekanism:raw_tin":5,"minecraft:stone_sword":1,"minecraft:rotten_flesh":5,"minecraft:obsidian":28,"minecraft:iron_bars":2,"alexsmobs:lobster_tail":2,"alexsmobs:flying_fish":1,"minecraft:cobblestone":1490,"minecraft:birch_log":116,"minecraft:enchanting_table":2,"minecraft:magma_block":1,"croptopia:nectarine":7,"minecraft:potato":9,"minecraft:flint":17,"minecraft:tuff":544,"croptopia:walnut":22,"minecraft:lapis_lazuli":171,"minecraft:dirt":203,"minecraft:bone":12,"minecraft:acacia_planks":2,"minecraft:bow":1,"minecraft:wheat_seeds":25,"minecraft:raw_gold":16,"minecraft:fletching_table":1,"minecraft:mossy_stone_bricks":4,"minecraft:oak_planks":1,"minecraft:chiseled_polished_blackstone":5,"minecraft:jungle_planks":2,"minecraft:sand":7,"minecraft:dark_oak_log":10,"minecraft:mossy_cobblestone":10,"minecraft:diamond":156,"minecraft:cracked_polished_blackstone_bricks":17,"minecraft:bone_meal":2,"minecraft:oak_sapling":3,"minecraft:netherrack":1507,"minecraft:bricks":1,"iceandfire:raw_silver":10,"minecraft:coarse_dirt":3,"iceandfire:dragon_skull_lightning":1,"minecraft:crafting_table":2,"minecraft:gold_block":2,"minecraft:chain":8,"minecraft:cornflower":1,"minecraft:blackstone":335,"deeperdarker:warden_carapace":25,"minecraft:cracked_stone_bricks":1,"minecraft:beef":10,"minecraft:echo_shard":8,"minecraft:sugar_cane":32,"minecraft:birch_sapling":19,"minecraft:spruce_trapdoor":1,"minecraft:dark_oak_sapling":5,"minecraft:raw_iron":157,"minecraft:sandstone":9,"iceandfire:dragonbone":19,"minecraft:copper_ingot":1,"sophisticatedbackpacks:backpack":1,"minecraft:polished_blackstone_bricks":79,"minecraft:redstone":17,"minecraft:carrot":11,"minecraft:dark_oak_planks":8,"iceandfire:silver_ingot":1,"minecraft:arrow":2,"minecraft:deepslate_bricks":3,"minecraft:sandstone_stairs":2,"minecraft:pink_tulip":2,"minecraft:gold_ingot":2,"minecraft:mutton":31,"minecraft:white_wool":21,"minecraft:skeleton_skull":1,"minecraft:stripped_oak_log":1,"bhc:blue_heart":12,"minecraft:basalt":1012,"minecraft:leather":5,"alexsmobs:acacia_blossom":7,"minecraft:birch_planks":1,"minecraft:crimson_fungus":1,"minecraft:oak_log":14,"minecraft:ancient_debris":14,"iceandfire:ectoplasm":4,"silentgems:alexandrite":3,"tombstone:gift":1,"apotheosis:warden_tendril":13,"minecraft:apple":30,"minecraft:stone_bricks":3,"minecraft:iron_ingot":1,"minecraft:acacia_sapling":10,"silentgems:turquoise":4,"minecraft:book":24,"minecraft:sculk_catalyst":12,"minecraft:quartz":37,"minecraft:gravel":30,"minecraft:blast_furnace":1,"minecraft:spruce_log":6,"minecraft:white_bed":4,"mekanism:raw_osmium":9,"minecraft:chainmail_leggings":1,"onlyhammersandexcavators:diamond_hammer":1,"mekanism:fluorite_gem":3,"minecraft:coal":129},"minecraft:broken":{"minecraft:iron_boots":1,"onlyhammersandexcavators:iron_hammer":1,"onlyhammersandexcavators:diamond_hammer":1},"minecraft:mined":{"minecraft:dark_oak_planks":6,"minecraft:white_bed":3,"minecraft:sculk_vein":1,"minecraft:brewing_stand":1,"minecraft:obsidian":28,"cataclysm:stone_pillar":3,"minecraft:chiseled_polished_blackstone":5,"minecraft:deepslate_tile_wall":3,"minecraft:grass_block":51,"minecraft:cracked_polished_blackstone_bricks":59,"silentgear:crimson_iron_ore":29,"minecraft:deepslate_bricks":8,"minecraft:deepslate_tile_stairs":3,"minecraft:composter":8,"minecraft:gilded_blackstone":4,"minecraft:polished_blackstone_bricks":220,"minecraft:magma_block":15,"minecraft:sculk_catalyst":2,"minecraft:dark_oak_trapdoor":1,"minecraft:iron_ore":63,"minecraft:cobbled_deepslate":4,"minecraft:fire":3,"minecraft:fletching_table":1,"minecraft:deepslate_lapis_ore":19,"silentgear:deepslate_bort_ore":4,"minecraft:enchanting_table":2,"minecraft:sculk_shrieker":11,"minecraft:dirt_path":8,"minecraft:iron_bars":2,"minecraft:deepslate_redstone_ore":10,"mekanism:osmium_ore":8,"minecraft:blackstone":888,"minecraft:crimson_nylium":16,"minecraft:soul_fire":2,"silentgems:black_diamond_nether_ore":2,"minecraft:blast_furnace":1,"silentgems:deepslate_alexandrite_ore":4,"iceandfire:ghost_chest":1,"minecraft:nether_quartz_ore":41,"minecraft:cobblestone":67,"minecraft:sugar_cane":19,"minecraft:oak_planks":1,"minecraft:bricks":1,"minecraft:wall_torch":2,"minecraft:chain":12,"minecraft:birch_log":4,"silentgems:carnelian_nether_ore":3,"minecraft:stone_brick_stairs":1,"minecraft:grass":16,"mekanism:deepslate_tin_ore":6,"minecraft:oak_log":1,"minecraft:dark_oak_sapling":2,"minecraft:sand":7,"minecraft:dirt":168,"minecraft:netherrack":6371,"minecraft:ancient_debris":14,"minecraft:deepslate":4669,"minecraft:nether_gold_ore":37,"minecraft:deepslate_tiles":1,"minecraft:tuff":708,"iceandfire:silver_ore":10,"minecraft:mossy_cobblestone":10,"minecraft:deepslate_diamond_ore":155,"mekanism:deepslate_osmium_ore":2,"minecraft:jungle_planks":2,"minecraft:crimson_roots":2,"minecraft:sandstone":9,"minecraft:furnace":1,"minecraft:polished_basalt":1,"treechop:chopped_log":18,"minecraft:chiseled_deepslate":1,"minecraft:gold_block":2,"minecraft:bookshelf":8,"minecraft:deepslate_iron_ore":90,"minecraft:stripped_oak_log":1,"minecraft:stone":1492,"mekanism:deepslate_lead_ore":2,"minecraft:basalt":2601,"minecraft:stone_brick_slab":1,"silentgems:moldavite_nether_ore":2,"silentgems:alexandrite_nether_ore":4,"minecraft:crafting_table":2,"silentgems:deepslate_sapphire_ore":1,"minecraft:sculk_sensor":5,"minecraft:tall_grass":16,"minecraft:copper_ore":6,"silentgems:deepslate_silver_ore":11,"minecraft:deepslate_gold_ore":17,"minecraft:polished_blackstone_brick_stairs":3,"minecraft:cracked_deepslate_bricks":1,"minecraft:sculk":63,"minecraft:gray_wool":1,"minecraft:birch_planks":1,"minecraft:coarse_dirt":3,"silentgems:deepslate_turquoise_ore":4,"minecraft:coal_ore":116,"minecraft:gravel":98,"mekanism:deepslate_fluorite_ore":5,"mekanism:deepslate_uranium_ore":16,"minecraft:cracked_stone_bricks":1,"minecraft:acacia_planks":1,"minecraft:stone_bricks":4,"minecraft:mossy_stone_bricks":3},"minecraft:killed_by":{"minecraft:warden":4,"iceandfire:cockatrice":1},"minecraft:crafted":{"minecraft:grindstone":1,"minecraft:oak_planks":60,"onlyhammersandexcavators:obsidian_hammer":1,"minecraft:stone":5,"minecraft:bookshelf":7,"minecraft:cooked_mutton":30,"weaponmaster:workstation":1,"minecraft:diamond_helmet":1,"minecraft:iron_boots":1,"minecraft:diamond_leggings":1,"minecraft:netherite_boots":1,"minecraft:netherite_helmet":1,"minecraft:chest":9,"weaponmaster:weaponkit":2,"minecraft:netherite_upgrade_smithing_template":8,"onlyhammersandexcavators:stone_hammer":1,"minecraft:oak_slab":6,"minecraft:emerald":15,"minecraft:cooked_porkchop":9,"minecraft:crafting_table":7,"minecraft:spruce_planks":4,"minecraft:wooden_pickaxe":2,"minecraft:iron_helmet":1,"minecraft:smithing_table":1,"minecraft:fletching_table":1,"minecraft:birch_planks":360,"minecraft:apple":20,"minecraft:lectern":1,"minecraft:iron_chestplate":1,"minecraft:stick":552,"minecraft:stone_slab":6,"minecraft:iron_ingot":108,"minecraft:iron_block":5,"minecraft:gold_ingot":43,"minecraft:netherite_ingot":4,"bhc:yellow_heart_melted":307,"minecraft:raw_iron":18,"minecraft:stone_shovel":1,"onlyhammersandexcavators:iron_hammer":1,"onlyhammersandexcavators:obsidian_excavator":1,"minecraft:furnace":4,"minecraft:dark_oak_trapdoor":2,"minecraft:bone_meal":24,"minecraft:diamond_block":4,"minecraft:netherite_chestplate":1,"bhc:red_heart_melted":576,"bhc:green_heart_melted":54,"minecraft:netherite_leggings":1,"onlyhammersandexcavators:diamond_hammer":2,"minecraft:stone_pickaxe":2,"minecraft:diamond_boots":1,"minecraft:netherite_scrap":16,"minecraft:dark_oak_planks":8,"sophisticatedbackpacks:iron_backpack":1,"minecraft:cooked_beef":10,"minecraft:enchanting_table":1,"minecraft:iron_sword":2,"sophisticatedbackpacks:gold_backpack":1,"minecraft:bucket":1,"minecraft:stone_axe":3,"minecraft:bread":60,"minecraft:air":0,"minecraft:golden_apple":1,"minecraft:birch_trapdoor":2,"minecraft:iron_leggings":1,"minecraft:anvil":1,"minecraft:acacia_planks":96,"minecraft:torch":84,"bhc:blue_heart_melted":3,"minecraft:diamond_chestplate":1},"minecraft:custom":{"minecraft:interact_with_crafting_table":65,"minecraft:open_barrel":16,"minecraft:leave_game":8,"minecraft:time_since_death":3849,"minecraft:damage_resisted":189,"minecraft:sprint_one_cm":233080,"minecraft:drop":92,"minecraft:talked_to_villager":15,"minecraft:play_time":315683,"minecraft:deaths":7,"minecraft:jump":3266,"minecraft:interact_with_brewingstand":1,"minecraft:walk_on_water_one_cm":52736,"minecraft:enchant_item":15,"minecraft:interact_with_furnace":70,"minecraft:traded_with_villager":30,"minecraft:interact_with_loom":1,"minecraft:sleep_in_bed":5,"minecraft:damage_dealt":9281,"minecraft:player_kills":3,"minecraft:crouch_one_cm":49913,"tombstone:undead_killed":10,"minecraft:interact_with_smithing_table":3,"minecraft:mob_kills":114,"minecraft:damage_dealt_resisted":0,"minecraft:climb_one_cm":1399,"minecraft:walk_one_cm":991828,"minecraft:sneak_time":13224,"minecraft:walk_under_water_one_cm":116290,"minecraft:total_world_time":315683,"minecraft:interact_with_grindstone":3,"minecraft:time_since_rest":20647,"minecraft:damage_taken":16048,"minecraft:damage_absorbed":120,"minecraft:trigger_trapped_chest":4,"minecraft:swim_one_cm":76993,"minecraft:fly_one_cm":477255,"minecraft:open_chest":122,"minecraft:fall_one_cm":95000},"minecraft:used":{"minecraft:diamond_hoe":72,"minecraft:chest":9,"minecraft:iron_sword":150,"minecraft:carrot":11,"minecraft:acacia_sapling":10,"minecraft:obsidian":13,"minecraft:birch_sapling":1,"iceandfire:ghost_chest":1,"minecraft:iron_helmet":2,"onlyhammersandexcavators:stone_hammer":626,"minecraft:netherite_boots":2,"minecraft:birch_trapdoor":2,"minecraft:bow":1,"minecraft:furnace":5,"minecraft:potato":9,"minecraft:dark_oak_sapling":5,"minecraft:oak_planks":5,"minecraft:stone_pickaxe":131,"minecraft:blackstone":9,"minecraft:wooden_pickaxe":21,"minecraft:composter":8,"minecraft:sugar_cane":31,"minecraft:golden_apple":3,"minecraft:dark_oak_trapdoor":3,"minecraft:sand":7,"minecraft:netherite_leggings":1,"minecraft:blast_furnace":1,"minecraft:netherite_helmet":1,"onlyhammersandexcavators:diamond_hammer":13821,"minecraft:grindstone":1,"minecraft:smithing_table":1,"onlyhammersandexcavators:obsidian_excavator":380,"minecraft:bone_meal":24,"minecraft:enchanting_table":3,"minecraft:stone_shovel":1,"weaponmaster:workstation":1,"minecraft:netherrack":272,"minecraft:torch":14,"minecraft:dirt":132,"minecraft:wheat":10,"minecraft:bookshelf":6,"minecraft:iron_boots":1,"minecraft:diamond_chestplate":1,"minecraft:basalt":11,"tombstone:gift":2,"minecraft:cooked_beef":5,"onlyhammersandexcavators:iron_hammer":1298,"minecraft:cobbled_deepslate":142,"minecraft:acacia_planks":2,"onlyhammersandexcavators:obsidian_hammer":4088,"minecraft:cooked_mutton":13,"minecraft:sandstone_stairs":2,"minecraft:birch_planks":10,"minecraft:netherite_chestplate":1,"croptopia:walnut":22,"minecraft:fletching_table":2,"iceandfire:dragon_skull_lightning":1,"minecraft:mossy_cobblestone":1,"minecraft:crafting_table":8,"minecraft:white_bed":4,"minecraft:apple":2,"minecraft:iron_pickaxe":15,"minecraft:stone_axe":231,"minecraft:cobblestone":191,"minecraft:potion":1,"weaponmaster:wm_rapier":5,"minecraft:bucket":1,"minecraft:sculk_catalyst":2,"minecraft:diamond_leggings":1},"minecraft:killed":{"alexsmobs:lobster":6,"minecraft:skeleton":2,"minecraft:silverfish":7,"minecraft:piglin_brute":6,"minecraft:magma_cube":17,"minecraft:piglin":6,"minecraft:pig":4,"alexsmobs:seal":3,"alexsmobs:crimson_mosquito":3,"minecraft:sheep":21,"minecraft:zombie":6,"minecraft:cow":6,"minecraft:warden":19,"alexsmobs:flying_fish":1,"alexsmobs:rhinoceros":1,"alexsmobs:emu":1,"iceandfire:ghost":2}},"DataVersion":3465}