{"stats":{"minecraft:custom":{"minecraft:interact_with_furnace":9,"minecraft:mob_kills":34,"minecraft:interact_with_crafting_table":11,"minecraft:damage_dealt_resisted":0,"minecraft:time_since_death":18414,"minecraft:time_since_rest":16015,"minecraft:sprint_one_cm":75543,"minecraft:damage_taken":542,"minecraft:walk_one_cm":111694,"minecraft:trigger_trapped_chest":2,"minecraft:drop":6,"minecraft:damage_dealt":3605,"minecraft:swim_one_cm":13692,"minecraft:fly_one_cm":112893,"minecraft:player_kills":2,"minecraft:crouch_one_cm":1730,"minecraft:play_time":35445,"minecraft:deaths":2,"minecraft:sneak_time":291,"minecraft:walk_under_water_one_cm":1954,"minecraft:jump":673,"minecraft:walk_on_water_one_cm":2317,"minecraft:total_world_time":35445,"minecraft:fall_one_cm":16929},"minecraft:mined":{"minecraft:dark_oak_planks":6,"iceandfire:silver_ore":4,"minecraft:crafting_table":2,"minecraft:jungle_planks":2,"minecraft:tall_grass":15,"minecraft:sandstone":9,"minecraft:furnace":1,"minecraft:iron_ore":28,"treechop:chopped_log":6,"minecraft:grass":15,"minecraft:coal_ore":72,"minecraft:sand":7,"minecraft:stone":175},"minecraft:crafted":{"minecraft:stone_shovel":1,"minecraft:crafting_table":5,"minecraft:wooden_pickaxe":2,"minecraft:iron_sword":1,"minecraft:furnace":4,"minecraft:bucket":1,"minecraft:stone_axe":1,"minecraft:air":0,"minecraft:iron_chestplate":1,"minecraft:stick":16,"minecraft:iron_ingot":20,"minecraft:stone_pickaxe":2,"minecraft:iron_leggings":1,"minecraft:acacia_planks":96,"onlyhammersandexcavators:stone_hammer":1},"minecraft:dropped":{"alexsmobs:acacia_blossom":5,"minecraft:wooden_pickaxe":1},"minecraft:picked_up":{"iceandfire:dragon_skull_lightning":1,"minecraft:crafting_table":2,"croptopia:nectarine":7,"minecraft:leather":5,"alexsmobs:acacia_blossom":7,"minecraft:oak_log":13,"minecraft:cornflower":1,"silentgear:sinew":5,"minecraft:apple":9,"minecraft:wheat_seeds":2,"alexsmobs:emu_feather":2,"minecraft:iron_ingot":1,"minecraft:beef":10,"minecraft:sugar_cane":1,"minecraft:spruce_trapdoor":1,"minecraft:acacia_sapling":10,"minecraft:furnace":1,"minecraft:stick":5,"minecraft:raw_iron":34,"minecraft:sandstone":9,"iceandfire:dragonbone":19,"minecraft:acacia_log":24,"minecraft:porkchop":9,"minecraft:sand":7,"minecraft:jungle_planks":2,"minecraft:spruce_log":6,"minecraft:dark_oak_planks":6,"minecraft:diamond":1,"minecraft:sandstone_stairs":2,"minecraft:oak_sapling":3,"minecraft:mutton":30,"minecraft:coal":85,"iceandfire:raw_silver":4,"minecraft:white_wool":20,"minecraft:cobblestone":173},"minecraft:killed_by":{"iceandfire:cockatrice":1},"minecraft:killed":{"minecraft:pig":4,"alexsmobs:seal":3,"alexsmobs:emu":1,"minecraft:sheep":20,"minecraft:cow":6},"minecraft:used":{"minecraft:sandstone_stairs":2,"minecraft:stone_shovel":1,"minecraft:stone_pickaxe":131,"minecraft:wooden_pickaxe":21,"minecraft:iron_sword":13,"iceandfire:dragon_skull_lightning":1,"minecraft:sand":7,"minecraft:crafting_table":6,"minecraft:acacia_sapling":10,"minecraft:apple":2,"onlyhammersandexcavators:stone_hammer":153,"minecraft:stone_axe":97,"minecraft:furnace":4,"minecraft:bucket":1,"minecraft:acacia_planks":2}},"DataVersion":3465}