{"stats":{"minecraft:picked_up":{"iceandfire:dragon_skull_lightning":1,"minecraft:raw_iron":4,"iceandfire:dragonbone":19,"alexsmobs:acacia_blossom":2,"minecraft:acacia_log":10,"minecraft:coal":5,"minecraft:acacia_sapling":6,"minecraft:cobblestone":18},"minecraft:custom":{"minecraft:time_since_rest":5674,"minecraft:crouch_one_cm":587,"minecraft:play_time":5674,"minecraft:sprint_one_cm":9468,"minecraft:damage_taken":30,"minecraft:walk_one_cm":16468,"minecraft:sneak_time":107,"minecraft:drop":2,"minecraft:jump":173,"minecraft:damage_dealt":456,"minecraft:time_since_death":5674,"minecraft:total_world_time":5674,"minecraft:interact_with_crafting_table":2,"minecraft:fall_one_cm":2508,"minecraft:fly_one_cm":16295,"minecraft:player_kills":2},"minecraft:mined":{"minecraft:grass":1,"minecraft:coal_ore":5,"minecraft:iron_ore":4,"minecraft:stone":18,"treechop:chopped_log":1},"minecraft:dropped":{"minecraft:wooden_pickaxe":1,"alexsmobs:acacia_blossom":1},"minecraft:used":{"minecraft:crafting_table":1,"minecraft:stone_pickaxe":23,"minecraft:acacia_sapling":6,"minecraft:wooden_pickaxe":4,"iceandfire:dragon_skull_lightning":1},"minecraft:crafted":{"minecraft:acacia_planks":40,"minecraft:crafting_table":1,"minecraft:stick":4,"minecraft:stone_pickaxe":1,"minecraft:wooden_pickaxe":1}},"DataVersion":3465}