{"stats":{"minecraft:killed":{"minecraft:pig":4,"alexsmobs:seal":3,"alexsmobs:emu":1,"minecraft:skeleton":1,"minecraft:sheep":20,"minecraft:zombie":2,"minecraft:cow":6},"minecraft:dropped":{"alexsmobs:acacia_blossom":5,"minecraft:wooden_pickaxe":1},"minecraft:picked_up":{"iceandfire:dragon_skull_lightning":1,"minecraft:crafting_table":2,"croptopia:nectarine":7,"minecraft:leather":5,"alexsmobs:acacia_blossom":7,"minecraft:oak_log":13,"minecraft:chain":7,"minecraft:cornflower":1,"silentgear:sinew":5,"minecraft:raw_copper":25,"minecraft:bone":2,"minecraft:apple":9,"minecraft:wheat_seeds":2,"alexsmobs:emu_feather":2,"minecraft:cobbled_deepslate":100,"minecraft:iron_ingot":1,"minecraft:beef":10,"minecraft:sugar_cane":1,"minecraft:acacia_sapling":10,"minecraft:spruce_trapdoor":1,"minecraft:furnace":1,"minecraft:stick":5,"minecraft:raw_iron":82,"minecraft:sandstone":9,"iceandfire:dragonbone":19,"minecraft:acacia_log":24,"minecraft:porkchop":9,"minecraft:sand":7,"minecraft:jungle_planks":2,"minecraft:spruce_log":6,"mekanism:raw_osmium":1,"minecraft:mossy_cobblestone":1,"minecraft:dark_oak_planks":6,"minecraft:arrow":1,"minecraft:diamond":2,"minecraft:sandstone_stairs":2,"minecraft:oak_sapling":3,"minecraft:mutton":30,"minecraft:coal":103,"minecraft:white_wool":20,"iceandfire:raw_silver":10,"minecraft:cobblestone":497},"minecraft:crafted":{"minecraft:cooked_beef":10,"minecraft:raw_iron":18,"minecraft:stone_shovel":1,"minecraft:cooked_porkchop":9,"minecraft:crafting_table":5,"onlyhammersandexcavators:iron_hammer":1,"minecraft:wooden_pickaxe":2,"minecraft:iron_helmet":1,"minecraft:iron_sword":2,"minecraft:furnace":4,"minecraft:bucket":1,"minecraft:stone_axe":1,"minecraft:air":0,"minecraft:cooked_mutton":30,"minecraft:iron_boots":1,"minecraft:iron_chestplate":1,"minecraft:stick":16,"minecraft:iron_ingot":59,"minecraft:stone_pickaxe":2,"minecraft:iron_block":2,"minecraft:chest":2,"minecraft:iron_leggings":1,"minecraft:acacia_planks":96,"onlyhammersandexcavators:stone_hammer":1},"minecraft:custom":{"minecraft:interact_with_furnace":37,"minecraft:mob_kills":38,"minecraft:interact_with_crafting_table":18,"minecraft:open_barrel":10,"minecraft:damage_dealt_resisted":0,"minecraft:time_since_death":36167,"minecraft:climb_one_cm":65,"minecraft:time_since_rest":33768,"minecraft:sprint_one_cm":84668,"minecraft:damage_taken":1036,"minecraft:walk_one_cm":178838,"minecraft:trigger_trapped_chest":2,"minecraft:drop":6,"minecraft:damage_dealt":4256,"minecraft:swim_one_cm":13692,"minecraft:player_kills":2,"minecraft:fly_one_cm":117715,"minecraft:open_chest":8,"minecraft:crouch_one_cm":1868,"minecraft:play_time":53198,"tombstone:undead_killed":3,"minecraft:deaths":2,"minecraft:sneak_time":359,"minecraft:walk_under_water_one_cm":2224,"minecraft:jump":898,"minecraft:walk_on_water_one_cm":4246,"minecraft:total_world_time":53198,"minecraft:fall_one_cm":27715},"minecraft:used":{"minecraft:sandstone_stairs":2,"minecraft:stone_pickaxe":131,"minecraft:stone_shovel":1,"minecraft:chest":2,"minecraft:wooden_pickaxe":21,"minecraft:iron_sword":22,"iceandfire:dragon_skull_lightning":1,"minecraft:mossy_cobblestone":1,"minecraft:sand":7,"minecraft:crafting_table":6,"minecraft:acacia_sapling":10,"minecraft:apple":2,"minecraft:iron_helmet":1,"minecraft:iron_boots":1,"onlyhammersandexcavators:stone_hammer":498,"minecraft:stone_axe":100,"minecraft:cobblestone":58,"minecraft:furnace":5,"minecraft:bucket":1,"minecraft:cobbled_deepslate":1,"onlyhammersandexcavators:iron_hammer":275,"minecraft:cooked_beef":4,"minecraft:acacia_planks":2},"minecraft:mined":{"minecraft:dark_oak_planks":6,"iceandfire:silver_ore":10,"minecraft:mossy_cobblestone":1,"minecraft:deepslate_diamond_ore":1,"mekanism:deepslate_osmium_ore":2,"minecraft:crafting_table":2,"minecraft:jungle_planks":2,"minecraft:tall_grass":15,"minecraft:copper_ore":6,"minecraft:cobblestone":2,"minecraft:sandstone":9,"minecraft:chain":12,"minecraft:furnace":1,"minecraft:iron_ore":59,"treechop:chopped_log":6,"minecraft:grass":15,"mekanism:deepslate_tin_ore":1,"minecraft:coal_ore":90,"minecraft:deepslate_iron_ore":19,"minecraft:sand":7,"minecraft:stone":517,"minecraft:deepslate":109},"minecraft:killed_by":{"iceandfire:cockatrice":1}},"DataVersion":3465}