{"stats":{"minecraft:custom":{"minecraft:mob_kills":73,"minecraft:interact_with_crafting_table":47,"minecraft:open_barrel":10,"minecraft:damage_dealt_resisted":0,"minecraft:time_since_death":45536,"minecraft:climb_one_cm":121,"minecraft:damage_resisted":0,"minecraft:sprint_one_cm":124051,"minecraft:walk_one_cm":500241,"minecraft:drop":45,"minecraft:play_time":141976,"minecraft:deaths":3,"minecraft:sneak_time":1455,"minecraft:walk_under_water_one_cm":2224,"minecraft:jump":1715,"minecraft:walk_on_water_one_cm":4847,"minecraft:enchant_item":7,"minecraft:total_world_time":141976,"minecraft:interact_with_furnace":60,"minecraft:time_since_rest":44864,"minecraft:damage_taken":3632,"minecraft:damage_absorbed":80,"minecraft:trigger_trapped_chest":2,"minecraft:damage_dealt":9211,"minecraft:swim_one_cm":13692,"minecraft:fly_one_cm":206442,"minecraft:player_kills":3,"minecraft:open_chest":76,"minecraft:crouch_one_cm":6072,"tombstone:undead_killed":3,"minecraft:fall_one_cm":40918,"minecraft:interact_with_smithing_table":2},"minecraft:mined":{"minecraft:dark_oak_planks":6,"minecraft:nether_gold_ore":37,"minecraft:tuff":536,"iceandfire:silver_ore":10,"minecraft:mossy_cobblestone":1,"minecraft:deepslate_diamond_ore":91,"minecraft:obsidian":28,"mekanism:deepslate_osmium_ore":2,"minecraft:chiseled_polished_blackstone":5,"minecraft:jungle_planks":2,"minecraft:crimson_roots":2,"minecraft:cracked_polished_blackstone_bricks":59,"silentgear:crimson_iron_ore":29,"minecraft:sandstone":9,"minecraft:gilded_blackstone":4,"minecraft:polished_blackstone_bricks":220,"minecraft:magma_block":15,"minecraft:furnace":1,"minecraft:iron_ore":59,"minecraft:polished_basalt":1,"minecraft:cobbled_deepslate":2,"minecraft:fire":3,"treechop:chopped_log":6,"minecraft:deepslate_lapis_ore":10,"minecraft:gold_block":2,"minecraft:deepslate_iron_ore":32,"minecraft:stone":518,"mekanism:deepslate_lead_ore":1,"minecraft:deepslate_redstone_ore":9,"minecraft:blackstone":888,"minecraft:crimson_nylium":16,"minecraft:basalt":2601,"silentgems:black_diamond_nether_ore":2,"silentgems:moldavite_nether_ore":2,"silentgems:alexandrite_nether_ore":4,"minecraft:crafting_table":2,"silentgems:deepslate_sapphire_ore":1,"silentgems:deepslate_alexandrite_ore":4,"minecraft:nether_quartz_ore":41,"minecraft:copper_ore":6,"minecraft:tall_grass":15,"minecraft:cobblestone":2,"silentgems:deepslate_silver_ore":11,"minecraft:deepslate_gold_ore":4,"minecraft:polished_blackstone_brick_stairs":3,"minecraft:chain":12,"silentgems:deepslate_turquoise_ore":4,"silentgems:carnelian_nether_ore":3,"minecraft:grass":15,"mekanism:deepslate_tin_ore":1,"minecraft:coal_ore":90,"mekanism:deepslate_fluorite_ore":1,"minecraft:sand":7,"mekanism:deepslate_uranium_ore":8,"minecraft:ancient_debris":14,"minecraft:netherrack":6363,"minecraft:deepslate":2392},"minecraft:crafted":{"minecraft:oak_planks":52,"minecraft:raw_iron":18,"minecraft:stone_shovel":1,"onlyhammersandexcavators:iron_hammer":1,"onlyhammersandexcavators:obsidian_excavator":1,"onlyhammersandexcavators:obsidian_hammer":1,"minecraft:furnace":4,"minecraft:bookshelf":1,"minecraft:cooked_mutton":30,"minecraft:diamond_block":2,"weaponmaster:workstation":1,"minecraft:netherite_chestplate":1,"minecraft:netherite_leggings":1,"minecraft:diamond_helmet":1,"minecraft:diamond_leggings":1,"minecraft:iron_boots":1,"minecraft:netherite_boots":1,"onlyhammersandexcavators:diamond_hammer":1,"minecraft:stone_pickaxe":2,"minecraft:chest":4,"minecraft:netherite_helmet":1,"minecraft:diamond_boots":1,"weaponmaster:weaponkit":2,"minecraft:netherite_upgrade_smithing_template":8,"minecraft:netherite_scrap":16,"onlyhammersandexcavators:stone_hammer":1,"sophisticatedbackpacks:iron_backpack":1,"minecraft:cooked_beef":10,"minecraft:oak_slab":6,"minecraft:cooked_porkchop":9,"minecraft:crafting_table":5,"minecraft:spruce_planks":4,"minecraft:enchanting_table":1,"minecraft:wooden_pickaxe":2,"minecraft:iron_helmet":1,"minecraft:iron_sword":2,"minecraft:smithing_table":1,"sophisticatedbackpacks:gold_backpack":1,"minecraft:bucket":1,"minecraft:stone_axe":1,"minecraft:air":0,"minecraft:lectern":1,"minecraft:iron_chestplate":1,"minecraft:golden_apple":1,"minecraft:stick":32,"minecraft:iron_ingot":108,"minecraft:iron_block":5,"minecraft:iron_leggings":1,"minecraft:gold_ingot":11,"minecraft:anvil":1,"minecraft:netherite_ingot":4,"minecraft:acacia_planks":96,"minecraft:diamond_chestplate":1},"minecraft:dropped":{"mekanism:fluorite_gem":3,"minecraft:diamond":13,"minecraft:cobblestone":2,"silentgear:sinew":8,"minecraft:stick":2,"silentgear:nether_banana":1,"minecraft:polished_blackstone_bricks":5,"minecraft:string":5,"minecraft:dark_oak_planks":2,"minecraft:redstone":8,"minecraft:blackstone":64,"alexsmobs:acacia_blossom":5,"minecraft:cobbled_deepslate":804,"minecraft:tuff":257,"minecraft:obsidian":14,"minecraft:cooked_mutton":4,"minecraft:basalt":192,"minecraft:wooden_pickaxe":1,"weaponmaster:wm_rapierlarge":1,"minecraft:netherrack":93},"minecraft:picked_up":{"silentgear:raw_crimson_iron":6,"iceandfire:dragon_skull_lightning":1,"minecraft:crafting_table":2,"mekanism:raw_uranium":8,"minecraft:gold_block":2,"minecraft:enchanted_book":1,"minecraft:chain":7,"minecraft:cornflower":1,"silentgear:sinew":13,"minecraft:raw_copper":25,"minecraft:blackstone":335,"alexsmobs:dropbear_claw":1,"alexsmobs:emu_feather":2,"minecraft:gold_nugget":56,"minecraft:cobbled_deepslate":1715,"minecraft:beef":10,"minecraft:sugar_cane":1,"minecraft:spruce_trapdoor":1,"minecraft:furnace":1,"minecraft:sandstone":9,"minecraft:stick":7,"minecraft:raw_iron":95,"iceandfire:dragonbone":19,"minecraft:acacia_log":24,"sophisticatedbackpacks:backpack":1,"minecraft:porkchop":9,"minecraft:polished_blackstone_bricks":79,"minecraft:redstone":17,"minecraft:dark_oak_planks":8,"minecraft:stone_sword":1,"minecraft:arrow":1,"minecraft:sandstone_stairs":2,"minecraft:obsidian":28,"minecraft:mutton":30,"minecraft:white_wool":20,"minecraft:cobblestone":500,"minecraft:magma_block":1,"minecraft:basalt":1012,"croptopia:nectarine":7,"minecraft:leather":5,"alexsmobs:acacia_blossom":7,"minecraft:crimson_fungus":1,"minecraft:tuff":478,"minecraft:oak_log":13,"minecraft:ancient_debris":14,"silentgems:alexandrite":3,"minecraft:lapis_lazuli":55,"tombstone:gift":1,"minecraft:bone":2,"minecraft:apple":9,"minecraft:wheat_seeds":2,"minecraft:raw_gold":4,"minecraft:iron_ingot":1,"minecraft:acacia_sapling":10,"silentgems:turquoise":4,"minecraft:chiseled_polished_blackstone":5,"minecraft:quartz":37,"minecraft:sand":7,"minecraft:jungle_planks":2,"minecraft:white_bed":1,"minecraft:spruce_log":6,"mekanism:raw_osmium":1,"minecraft:mossy_cobblestone":1,"minecraft:diamond":92,"minecraft:cracked_polished_blackstone_bricks":17,"onlyhammersandexcavators:diamond_hammer":1,"mekanism:fluorite_gem":3,"minecraft:oak_sapling":3,"minecraft:netherrack":1460,"minecraft:coal":103,"iceandfire:raw_silver":10},"minecraft:killed_by":{"iceandfire:cockatrice":1},"minecraft:killed":{"minecraft:skeleton":1,"minecraft:piglin_brute":6,"minecraft:magma_cube":17,"minecraft:piglin":6,"minecraft:pig":4,"alexsmobs:seal":3,"alexsmobs:rhinoceros":1,"alexsmobs:crimson_mosquito":3,"alexsmobs:emu":1,"minecraft:sheep":20,"minecraft:zombie":2,"minecraft:cow":6},"minecraft:broken":{"minecraft:iron_boots":1,"onlyhammersandexcavators:iron_hammer":1,"onlyhammersandexcavators:diamond_hammer":1},"minecraft:used":{"minecraft:enchanting_table":1,"minecraft:stone_shovel":1,"minecraft:chest":4,"minecraft:iron_sword":150,"weaponmaster:workstation":1,"minecraft:netherrack":113,"minecraft:acacia_sapling":10,"minecraft:obsidian":10,"minecraft:iron_helmet":2,"minecraft:iron_boots":1,"onlyhammersandexcavators:stone_hammer":626,"minecraft:netherite_boots":1,"minecraft:diamond_chestplate":1,"minecraft:basalt":11,"minecraft:furnace":5,"tombstone:gift":2,"onlyhammersandexcavators:iron_hammer":1298,"minecraft:cooked_beef":5,"minecraft:cobbled_deepslate":134,"minecraft:acacia_planks":2,"minecraft:cooked_mutton":13,"minecraft:sandstone_stairs":2,"minecraft:stone_pickaxe":131,"minecraft:blackstone":9,"minecraft:wooden_pickaxe":21,"iceandfire:dragon_skull_lightning":1,"minecraft:golden_apple":2,"minecraft:mossy_cobblestone":1,"minecraft:sand":7,"minecraft:crafting_table":6,"minecraft:netherite_helmet":1,"minecraft:white_bed":1,"minecraft:apple":2,"onlyhammersandexcavators:diamond_hammer":13702,"minecraft:iron_pickaxe":15,"minecraft:stone_axe":100,"minecraft:cobblestone":58,"minecraft:smithing_table":1,"minecraft:bucket":1,"minecraft:diamond_leggings":1}},"DataVersion":3465}