{"stats":{"minecraft:mined":{"minecraft:iron_ore":21,"treechop:chopped_log":3,"minecraft:crafting_table":1,"minecraft:grass":1,"minecraft:coal_ore":40,"minecraft:jungle_planks":1,"minecraft:sand":6,"minecraft:stone":29},"minecraft:custom":{"minecraft:time_since_rest":4015,"minecraft:interact_with_furnace":5,"minecraft:sprint_one_cm":53922,"minecraft:damage_taken":542,"minecraft:walk_one_cm":65692,"minecraft:trigger_trapped_chest":2,"minecraft:mob_kills":4,"minecraft:drop":6,"minecraft:damage_dealt":1006,"minecraft:swim_one_cm":8099,"minecraft:interact_with_crafting_table":9,"minecraft:fly_one_cm":86280,"minecraft:player_kills":2,"minecraft:crouch_one_cm":1212,"minecraft:play_time":23445,"minecraft:deaths":2,"minecraft:sneak_time":222,"minecraft:walk_under_water_one_cm":145,"minecraft:jump":497,"minecraft:damage_dealt_resisted":0,"minecraft:time_since_death":6414,"minecraft:walk_on_water_one_cm":1051,"minecraft:total_world_time":23445,"minecraft:fall_one_cm":14421},"minecraft:crafted":{"minecraft:iron_chestplate":1,"minecraft:crafting_table":5,"minecraft:stick":16,"minecraft:wooden_pickaxe":2,"minecraft:iron_ingot":20,"minecraft:stone_pickaxe":2,"minecraft:iron_sword":1,"minecraft:iron_leggings":1,"minecraft:furnace":1,"minecraft:acacia_planks":96,"minecraft:bucket":1,"minecraft:stone_axe":1,"minecraft:air":0},"minecraft:dropped":{"alexsmobs:acacia_blossom":5,"minecraft:wooden_pickaxe":1},"minecraft:picked_up":{"iceandfire:dragon_skull_lightning":1,"minecraft:raw_iron":21,"minecraft:stick":2,"minecraft:crafting_table":1,"iceandfire:dragonbone":19,"alexsmobs:acacia_blossom":7,"minecraft:acacia_log":24,"minecraft:jungle_planks":1,"minecraft:sand":5,"minecraft:cornflower":1,"minecraft:diamond":1,"alexsmobs:emu_feather":2,"minecraft:sandstone_stairs":2,"minecraft:sugar_cane":1,"minecraft:acacia_sapling":10,"minecraft:spruce_trapdoor":1,"minecraft:coal":40,"minecraft:cobblestone":29},"minecraft:killed_by":{"iceandfire:cockatrice":1},"minecraft:killed":{"alexsmobs:seal":3,"alexsmobs:emu":1},"minecraft:used":{"minecraft:sandstone_stairs":2,"minecraft:stone_pickaxe":77,"minecraft:wooden_pickaxe":13,"minecraft:iron_sword":13,"iceandfire:dragon_skull_lightning":1,"minecraft:crafting_table":5,"minecraft:furnace":1,"minecraft:bucket":1,"minecraft:acacia_sapling":10}},"DataVersion":3465}