{"stats":{"minecraft:mined":{"minecraft:dark_oak_planks":6,"minecraft:nether_gold_ore":9,"minecraft:tuff":536,"iceandfire:silver_ore":10,"minecraft:mossy_cobblestone":1,"minecraft:deepslate_diamond_ore":91,"mekanism:deepslate_osmium_ore":2,"minecraft:obsidian":28,"minecraft:jungle_planks":2,"silentgear:crimson_iron_ore":12,"minecraft:sandstone":9,"minecraft:furnace":1,"minecraft:iron_ore":59,"minecraft:cobbled_deepslate":2,"treechop:chopped_log":6,"minecraft:deepslate_lapis_ore":10,"minecraft:deepslate_iron_ore":32,"minecraft:stone":517,"mekanism:deepslate_lead_ore":1,"minecraft:deepslate_redstone_ore":9,"minecraft:blackstone":502,"minecraft:basalt":1870,"minecraft:crafting_table":2,"silentgems:deepslate_alexandrite_ore":4,"silentgems:deepslate_sapphire_ore":1,"minecraft:nether_quartz_ore":24,"minecraft:tall_grass":15,"minecraft:copper_ore":6,"minecraft:cobblestone":2,"silentgems:deepslate_silver_ore":11,"minecraft:deepslate_gold_ore":4,"minecraft:chain":12,"silentgems:deepslate_turquoise_ore":4,"silentgems:carnelian_nether_ore":3,"minecraft:grass":15,"mekanism:deepslate_tin_ore":1,"minecraft:coal_ore":90,"mekanism:deepslate_fluorite_ore":1,"minecraft:sand":7,"mekanism:deepslate_uranium_ore":8,"minecraft:netherrack":1267,"minecraft:deepslate":2392},"minecraft:killed_by":{"iceandfire:cockatrice":1},"minecraft:broken":{"onlyhammersandexcavators:iron_hammer":1},"minecraft:killed":{"minecraft:skeleton":1,"minecraft:magma_cube":17,"minecraft:pig":4,"alexsmobs:seal":3,"alexsmobs:emu":1,"minecraft:sheep":20,"minecraft:zombie":2,"minecraft:cow":6},"minecraft:crafted":{"minecraft:oak_planks":52,"minecraft:raw_iron":18,"minecraft:stone_shovel":1,"onlyhammersandexcavators:iron_hammer":1,"minecraft:furnace":4,"minecraft:bookshelf":1,"minecraft:cooked_mutton":30,"minecraft:diamond_block":2,"weaponmaster:workstation":1,"minecraft:diamond_leggings":1,"minecraft:iron_boots":1,"onlyhammersandexcavators:diamond_hammer":1,"minecraft:stone_pickaxe":2,"minecraft:chest":4,"weaponmaster:weaponkit":1,"onlyhammersandexcavators:stone_hammer":1,"minecraft:cooked_beef":10,"minecraft:oak_slab":6,"minecraft:cooked_porkchop":9,"minecraft:crafting_table":5,"minecraft:enchanting_table":1,"minecraft:wooden_pickaxe":2,"minecraft:iron_helmet":1,"minecraft:iron_sword":2,"minecraft:bucket":1,"minecraft:stone_axe":1,"minecraft:air":0,"minecraft:lectern":1,"minecraft:iron_chestplate":1,"minecraft:golden_apple":1,"minecraft:stick":20,"minecraft:iron_ingot":96,"minecraft:iron_block":5,"minecraft:iron_leggings":1,"minecraft:anvil":1,"minecraft:acacia_planks":96,"minecraft:diamond_chestplate":1},"minecraft:custom":{"minecraft:mob_kills":55,"minecraft:interact_with_crafting_table":33,"minecraft:open_barrel":10,"minecraft:damage_dealt_resisted":0,"minecraft:time_since_death":77822,"minecraft:climb_one_cm":65,"minecraft:damage_resisted":0,"minecraft:sprint_one_cm":106505,"minecraft:walk_one_cm":327211,"minecraft:drop":29,"minecraft:play_time":94853,"minecraft:deaths":2,"minecraft:sneak_time":1332,"minecraft:walk_under_water_one_cm":2224,"minecraft:jump":1268,"minecraft:walk_on_water_one_cm":4847,"minecraft:enchant_item":5,"minecraft:total_world_time":94853,"minecraft:interact_with_furnace":38,"minecraft:time_since_rest":75423,"minecraft:damage_taken":1949,"minecraft:damage_absorbed":40,"minecraft:trigger_trapped_chest":2,"minecraft:damage_dealt":4613,"minecraft:swim_one_cm":13692,"minecraft:fly_one_cm":144850,"minecraft:player_kills":3,"minecraft:open_chest":26,"minecraft:crouch_one_cm":5848,"tombstone:undead_killed":3,"minecraft:fall_one_cm":31842},"minecraft:used":{"minecraft:enchanting_table":1,"minecraft:stone_shovel":1,"minecraft:chest":4,"minecraft:iron_sword":49,"weaponmaster:workstation":1,"minecraft:acacia_sapling":10,"minecraft:iron_helmet":2,"minecraft:iron_boots":1,"onlyhammersandexcavators:stone_hammer":626,"minecraft:diamond_chestplate":1,"minecraft:basalt":9,"minecraft:furnace":5,"onlyhammersandexcavators:iron_hammer":1298,"minecraft:cooked_beef":5,"minecraft:acacia_planks":2,"minecraft:cobbled_deepslate":134,"minecraft:cooked_mutton":10,"minecraft:sandstone_stairs":2,"minecraft:stone_pickaxe":131,"minecraft:wooden_pickaxe":21,"iceandfire:dragon_skull_lightning":1,"minecraft:golden_apple":1,"minecraft:mossy_cobblestone":1,"minecraft:sand":7,"minecraft:crafting_table":6,"minecraft:white_bed":1,"minecraft:apple":2,"onlyhammersandexcavators:diamond_hammer":6307,"minecraft:stone_axe":100,"minecraft:cobblestone":58,"minecraft:bucket":1,"minecraft:diamond_leggings":1},"minecraft:picked_up":{"iceandfire:dragon_skull_lightning":1,"minecraft:crafting_table":2,"mekanism:raw_uranium":8,"minecraft:chain":7,"minecraft:cornflower":1,"silentgear:sinew":13,"minecraft:raw_copper":25,"minecraft:blackstone":132,"alexsmobs:emu_feather":2,"minecraft:gold_nugget":40,"minecraft:cobbled_deepslate":1671,"minecraft:beef":10,"minecraft:sugar_cane":1,"minecraft:spruce_trapdoor":1,"minecraft:furnace":1,"minecraft:stick":5,"minecraft:raw_iron":95,"minecraft:sandstone":9,"iceandfire:dragonbone":19,"minecraft:acacia_log":24,"minecraft:porkchop":9,"minecraft:redstone":17,"minecraft:dark_oak_planks":6,"minecraft:stone_sword":1,"minecraft:arrow":1,"minecraft:sandstone_stairs":2,"minecraft:mutton":30,"minecraft:obsidian":28,"minecraft:white_wool":20,"minecraft:cobblestone":497,"minecraft:basalt":352,"croptopia:nectarine":7,"minecraft:leather":5,"alexsmobs:acacia_blossom":7,"minecraft:tuff":478,"minecraft:oak_log":13,"silentgems:alexandrite":3,"minecraft:lapis_lazuli":55,"minecraft:bone":2,"minecraft:apple":9,"minecraft:wheat_seeds":2,"minecraft:raw_gold":4,"minecraft:iron_ingot":1,"silentgems:turquoise":4,"minecraft:acacia_sapling":10,"minecraft:quartz":20,"minecraft:jungle_planks":2,"minecraft:sand":7,"minecraft:white_bed":1,"minecraft:spruce_log":6,"mekanism:raw_osmium":1,"minecraft:mossy_cobblestone":1,"minecraft:diamond":92,"mekanism:fluorite_gem":3,"minecraft:oak_sapling":3,"minecraft:netherrack":640,"minecraft:coal":103,"iceandfire:raw_silver":10},"minecraft:dropped":{"mekanism:fluorite_gem":3,"minecraft:diamond":13,"silentgear:sinew":8,"minecraft:redstone":8,"alexsmobs:acacia_blossom":5,"minecraft:cobbled_deepslate":804,"minecraft:tuff":227,"minecraft:obsidian":14,"minecraft:cooked_mutton":4,"minecraft:wooden_pickaxe":1}},"DataVersion":3465}