{"stats":{"minecraft:mined":{"iceandfire:silver_ore":23,"minecraft:crafting_table":5,"minecraft:furnace":2,"treechop:chopped_log":2,"minecraft:grass":2,"minecraft:coal_ore":22,"minecraft:stone":33},"minecraft:custom":{"minecraft:interact_with_furnace":25,"minecraft:mob_kills":22,"minecraft:interact_with_crafting_table":14,"minecraft:time_since_death":29849,"minecraft:time_since_rest":29849,"minecraft:sprint_one_cm":113764,"minecraft:damage_taken":1025,"minecraft:walk_one_cm":72905,"minecraft:trigger_trapped_chest":1,"minecraft:drop":15,"minecraft:damage_dealt":3640,"minecraft:swim_one_cm":12255,"minecraft:fly_one_cm":148829,"minecraft:crouch_one_cm":1,"minecraft:play_time":29849,"tombstone:undead_killed":1,"minecraft:sneak_time":134,"minecraft:walk_under_water_one_cm":2799,"minecraft:jump":689,"minecraft:walk_on_water_one_cm":3253,"minecraft:total_world_time":29849,"minecraft:fall_one_cm":17441},"minecraft:crafted":{"iceandfire:silver_ingot":22,"minecraft:crafting_table":1,"minecraft:wooden_pickaxe":1,"alexsmobs:cooked_kangaroo_meat":9,"minecraft:furnace":1,"minecraft:stone_axe":1,"minecraft:cooked_mutton":6,"minecraft:air":0,"iceandfire:armor_silver_metal_helmet":1,"iceandfire:armor_silver_metal_chestplate":1,"minecraft:stick":12,"minecraft:stone_pickaxe":1,"minecraft:stone_sword":1,"minecraft:white_bed":1,"iceandfire:armor_silver_metal_boots":1,"minecraft:acacia_planks":32,"minecraft:torch":4,"iceandfire:silver_pickaxe":1,"iceandfire:silver_sword":1},"minecraft:dropped":{"minecraft:oak_slab":5,"alexsmobs:acacia_blossom":5,"alexsmobs:animal_dictionary":1,"weaponmaster:tutorialbook":2,"minecraft:smooth_sandstone_stairs":5,"minecraft:book":3,"minecraft:item_frame":3,"minecraft:acacia_sapling":6,"minecraft:oak_stairs":2,"minecraft:arrow":1,"minecraft:bone":4},"minecraft:picked_up":{"minecraft:crafting_table":5,"alexsmobs:acacia_blossom":5,"minecraft:oak_stairs":2,"minecraft:smooth_sandstone_stairs":5,"minecraft:item_frame":3,"minecraft:bone":4,"minecraft:cooked_chicken":2,"weaponmaster:tutorialbook":1,"minecraft:acacia_sapling":6,"minecraft:furnace":2,"minecraft:book":3,"minecraft:oak_slab":5,"minecraft:stick":2,"apotheosis:gem":4,"minecraft:acacia_log":8,"iceandfire:silver_ingot":1,"alexsmobs:kangaroo_hide":9,"minecraft:arrow":1,"iceandfire:raw_silver":23,"minecraft:mutton":10,"alexsmobs:kangaroo_meat":15,"minecraft:coal":45,"minecraft:white_wool":5,"minecraft:cobblestone":33},"minecraft:killed":{"minecraft:spider":2,"iceandfire:cockatrice":1,"minecraft:sheep":7,"minecraft:skeleton":1,"alexsmobs:kangaroo":10},"minecraft:used":{"minecraft:cooked_mutton":2,"minecraft:stone_sword":28,"iceandfire:silver_sword":53,"minecraft:stone_pickaxe":70,"minecraft:wooden_pickaxe":9,"minecraft:cooked_chicken":2,"minecraft:crafting_table":5,"alexsmobs:cooked_kangaroo_meat":9,"iceandfire:silver_pickaxe":1,"alexsmobs:kangaroo_meat":2,"minecraft:stone_axe":4,"minecraft:furnace":3}},"DataVersion":3465}