{"stats":{"minecraft:killed":{"minecraft:spider":2,"iceandfire:cockatrice":1,"minecraft:skeleton":2,"minecraft:sheep":7,"mekanismadditions:baby_skeleton":1,"minecraft:zombie":2,"alexsmobs:kangaroo":10},"minecraft:dropped":{"minecraft:oak_slab":5,"alexsmobs:acacia_blossom":5,"minecraft:cobbled_deepslate":2,"alexsmobs:animal_dictionary":1,"weaponmaster:tutorialbook":2,"minecraft:tuff":1,"minecraft:smooth_sandstone_stairs":5,"minecraft:book":3,"silentgear:sinew":1,"minecraft:item_frame":3,"minecraft:bundle":1,"minecraft:spruce_planks":2,"minecraft:acacia_sapling":6,"tombstone:grave_dust":2,"minecraft:oak_stairs":2,"minecraft:arrow":1,"minecraft:bone":4},"minecraft:picked_up":{"minecraft:crafting_table":5,"alexsmobs:acacia_blossom":5,"minecraft:oak_stairs":2,"minecraft:tuff":1,"minecraft:smooth_sandstone_stairs":5,"croptopia:walnut":2,"silentgear:sinew":1,"minecraft:iron_leggings":1,"minecraft:item_frame":4,"minecraft:bone":5,"minecraft:cobbled_deepslate":2,"minecraft:spruce_planks":2,"minecraft:cooked_chicken":2,"weaponmaster:tutorialbook":1,"minecraft:acacia_sapling":6,"minecraft:furnace":3,"minecraft:book":3,"minecraft:oak_slab":5,"minecraft:stick":4,"minecraft:raw_iron":4,"apotheosis:gem":8,"minecraft:acacia_log":8,"minecraft:porkchop":4,"tombstone:grave_dust":2,"minecraft:tnt":3,"minecraft:bundle":2,"iceandfire:silver_ingot":1,"alexsmobs:kangaroo_hide":9,"minecraft:arrow":2,"minecraft:rotten_flesh":1,"iceandfire:dragon_ice":1,"alexsmobs:flying_fish":3,"iceandfire:silver_nugget":98,"minecraft:mutton":10,"minecraft:white_wool":5,"minecraft:coal":58,"alexsmobs:kangaroo_meat":15,"iceandfire:raw_silver":23,"minecraft:cobblestone":34},"minecraft:crafted":{"iceandfire:silver_ingot":22,"minecraft:crafting_table":1,"minecraft:wooden_pickaxe":1,"alexsmobs:cooked_kangaroo_meat":9,"minecraft:furnace":1,"minecraft:stone_axe":1,"minecraft:cooked_mutton":9,"minecraft:air":0,"iceandfire:armor_silver_metal_chestplate":1,"iceandfire:armor_silver_metal_helmet":1,"minecraft:stick":12,"minecraft:stone_pickaxe":1,"minecraft:stone_sword":1,"minecraft:white_bed":1,"iceandfire:armor_silver_metal_boots":1,"minecraft:acacia_planks":32,"minecraft:torch":4,"iceandfire:silver_pickaxe":1,"iceandfire:silver_sword":1},"minecraft:custom":{"minecraft:interact_with_furnace":26,"minecraft:mob_kills":28,"minecraft:interact_with_crafting_table":14,"minecraft:damage_dealt_resisted":0,"minecraft:time_since_death":1067,"minecraft:damage_resisted":0,"minecraft:time_since_rest":873,"minecraft:sprint_one_cm":171290,"minecraft:damage_taken":2480,"minecraft:walk_one_cm":139179,"minecraft:trigger_trapped_chest":2,"minecraft:drop":21,"minecraft:damage_dealt":6451,"minecraft:swim_one_cm":21788,"minecraft:fly_one_cm":238549,"minecraft:deaths":4,"minecraft:play_time":47604,"minecraft:crouch_one_cm":779,"tombstone:undead_killed":5,"minecraft:sneak_time":405,"minecraft:walk_under_water_one_cm":7987,"minecraft:jump":1291,"minecraft:walk_on_water_one_cm":8820,"minecraft:total_world_time":47604,"minecraft:fall_one_cm":32098},"minecraft:mined":{"minecraft:tuff":1,"minecraft:spruce_planks":2,"iceandfire:silver_ore":23,"iceandfire:dragon_ice_spikes":1,"minecraft:crafting_table":5,"minecraft:cobblestone":1,"minecraft:furnace":3,"minecraft:cobbled_deepslate":2,"minecraft:tnt":1,"treechop:chopped_log":2,"minecraft:grass":2,"minecraft:coal_ore":22,"minecraft:deepslate_iron_ore":4,"minecraft:stone":33},"minecraft:used":{"minecraft:cooked_mutton":6,"minecraft:stone_sword":28,"iceandfire:silver_sword":149,"minecraft:stone_pickaxe":70,"minecraft:wooden_pickaxe":9,"minecraft:cooked_chicken":2,"minecraft:crafting_table":5,"alexsmobs:cooked_kangaroo_meat":9,"iceandfire:silver_pickaxe":12,"alexsmobs:kangaroo_meat":2,"minecraft:stone_axe":7,"minecraft:furnace":3},"minecraft:killed_by":{"iceandfire:ice_dragon":3,"iceandfire:sea_serpent":1}},"DataVersion":3465}