{"stats":{"minecraft:mined":{"minecraft:tuff":1,"minecraft:spruce_planks":2,"iceandfire:silver_ore":23,"minecraft:kelp_plant":2,"iceandfire:frozen_gravel":2,"iceandfire:dragon_ice_spikes":2,"minecraft:crafting_table":6,"iceandfire:frozen_dirt":1,"silentgear:crimson_iron_ore":1,"minecraft:cobblestone":10,"minecraft:kelp":1,"minecraft:tall_seagrass":2,"minecraft:furnace":4,"minecraft:ice":6,"minecraft:cobbled_deepslate":4,"treechop:chopped_log":3,"minecraft:tnt":1,"minecraft:yellow_bed":1,"minecraft:grass":3,"minecraft:coal_ore":22,"minecraft:deepslate_iron_ore":4,"minecraft:sand":9,"minecraft:stone":33},"minecraft:killed":{"minecraft:spider":2,"minecraft:creeper":1,"iceandfire:cockatrice":1,"minecraft:sheep":7,"minecraft:skeleton":3,"mekanismadditions:baby_skeleton":2,"minecraft:zombie":6,"alexsmobs:straddler":1,"iceandfire:ice_dragon":1,"alexsmobs:kangaroo":10},"minecraft:killed_by":{"minecraft:player":1,"iceandfire:ice_dragon":9,"iceandfire:sea_serpent":1},"minecraft:crafted":{"minecraft:glass_bottle":3,"iceandfire:silver_ingot":22,"iceandfire:armor_silver_leggings":1,"minecraft:crafting_table":2,"minecraft:wooden_pickaxe":1,"alexsmobs:cooked_kangaroo_meat":9,"minecraft:furnace":2,"minecraft:birch_planks":32,"minecraft:stone_axe":1,"minecraft:cooked_mutton":9,"minecraft:air":0,"minecraft:glass":9,"iceandfire:armor_silver_metal_chestplate":1,"iceandfire:armor_silver_metal_helmet":1,"minecraft:stick":12,"minecraft:stone_pickaxe":1,"minecraft:stone_sword":1,"minecraft:iron_leggings":1,"minecraft:white_bed":1,"iceandfire:armor_silver_metal_boots":1,"minecraft:acacia_planks":32,"minecraft:torch":4,"iceandfire:silver_pickaxe":1,"iceandfire:silver_sword":1,"iceandfire:armor_silver_helmet":1},"minecraft:custom":{"minecraft:interact_with_furnace":31,"minecraft:mob_kills":38,"minecraft:interact_with_crafting_table":19,"minecraft:damage_dealt_resisted":0,"minecraft:time_since_death":7496,"minecraft:damage_resisted":0,"minecraft:time_since_rest":7208,"minecraft:sprint_one_cm":246091,"minecraft:damage_taken":4802,"minecraft:walk_one_cm":225113,"minecraft:trigger_trapped_chest":2,"minecraft:drop":31,"minecraft:damage_dealt":9514,"minecraft:play_time":77385,"minecraft:crouch_one_cm":3265,"minecraft:sneak_time":1457,"minecraft:swim_one_cm":93052,"minecraft:fly_one_cm":333269,"tombstone:undead_killed":11,"minecraft:open_chest":14,"minecraft:deaths":12,"minecraft:walk_under_water_one_cm":46409,"minecraft:jump":1888,"minecraft:walk_on_water_one_cm":19437,"minecraft:total_world_time":77385,"minecraft:fall_one_cm":37928},"minecraft:used":{"minecraft:cooked_mutton":12,"minecraft:stone_sword":28,"iceandfire:silver_sword":157,"iceandfire:frozen_gravel":2,"minecraft:stone_pickaxe":70,"minecraft:wooden_pickaxe":9,"minecraft:iron_sword":92,"minecraft:cooked_chicken":2,"iceandfire:frozen_dirt":1,"minecraft:crafting_table":6,"alexsmobs:cooked_kangaroo_meat":9,"minecraft:cod":1,"alexsmobs:flying_fish":1,"iceandfire:silver_pickaxe":19,"alexsmobs:kangaroo_meat":2,"minecraft:iron_pickaxe":16,"minecraft:iron_axe":9,"minecraft:basalt":3,"minecraft:stone_axe":7,"minecraft:furnace":4,"minecraft:iron_leggings":1},"minecraft:picked_up":{"silentgear:raw_crimson_iron":1,"minecraft:birch_log":8,"minecraft:crafting_table":6,"minecraft:basalt":23,"alexsmobs:acacia_blossom":5,"minecraft:oak_stairs":2,"minecraft:birch_planks":22,"minecraft:tuff":1,"minecraft:smooth_sandstone_stairs":5,"minecraft:yellow_bed":1,"croptopia:walnut":2,"silentgear:sinew":1,"minecraft:iron_leggings":1,"minecraft:item_frame":4,"bhc:red_heart":1,"minecraft:bone":6,"minecraft:blackstone":1,"minecraft:kelp":4,"minecraft:cobbled_deepslate":33,"minecraft:spruce_planks":2,"minecraft:cooked_chicken":2,"weaponmaster:tutorialbook":1,"tombstone:bag_of_seeds":2,"iceandfire:frozen_gravel":2,"croptopia:roe":2,"minecraft:birch_sapling":2,"minecraft:acacia_sapling":6,"iceandfire:ice_dragon_heart":1,"minecraft:furnace":4,"minecraft:book":3,"minecraft:raw_iron":4,"minecraft:oak_slab":5,"minecraft:stick":6,"iceandfire:dragonbone":9,"apotheosis:gem":8,"minecraft:acacia_log":8,"minecraft:porkchop":4,"minecraft:sand":9,"tombstone:grave_dust":6,"iceandfire:frozen_dirt":1,"iceandfire:dragon_skull_ice":1,"minecraft:tnt":3,"minecraft:bundle":2,"alexsmobs:kangaroo_hide":9,"iceandfire:silver_ingot":1,"minecraft:arrow":6,"minecraft:rotten_flesh":5,"iceandfire:dragonscales_silver":12,"iceandfire:dragon_ice":1,"minecraft:netherrack":6,"alexsmobs:kangaroo_meat":15,"minecraft:white_wool":5,"minecraft:mutton":10,"iceandfire:silver_nugget":104,"minecraft:coal":58,"iceandfire:raw_silver":23,"alexsmobs:flying_fish":8,"minecraft:cobblestone":43},"minecraft:dropped":{"minecraft:oak_slab":5,"alexsmobs:acacia_blossom":5,"minecraft:cobbled_deepslate":2,"alexsmobs:animal_dictionary":1,"minecraft:tuff":1,"weaponmaster:tutorialbook":2,"minecraft:birch_sapling":2,"minecraft:smooth_sandstone_stairs":5,"minecraft:cobblestone":1,"minecraft:rotten_flesh":4,"minecraft:book":3,"iceandfire:dragon_ice":3,"silentgear:sinew":1,"minecraft:item_frame":3,"tombstone:bag_of_seeds":2,"minecraft:spruce_planks":2,"minecraft:bundle":1,"tombstone:grave_key":1,"minecraft:acacia_sapling":6,"tombstone:grave_dust":4,"minecraft:oak_stairs":2,"minecraft:arrow":5,"minecraft:bone":4}},"DataVersion":3465}