{"stats":{"minecraft:mined":{"minecraft:tuff":1,"minecraft:spruce_planks":2,"iceandfire:silver_ore":23,"silentgear:crimson_iron_ore":2,"minecraft:kelp":1,"minecraft:tall_seagrass":2,"minecraft:furnace":4,"minecraft:cobbled_deepslate":4,"treechop:chopped_log":3,"minecraft:deepslate_iron_ore":4,"minecraft:stone":33,"minecraft:kelp_plant":2,"minecraft:basalt":6,"iceandfire:frozen_gravel":2,"minecraft:crafting_table":6,"iceandfire:dragon_ice_spikes":2,"iceandfire:frozen_dirt":1,"minecraft:cobblestone":10,"minecraft:ice":6,"minecraft:tnt":1,"minecraft:yellow_bed":1,"minecraft:grass":3,"minecraft:coal_ore":22,"minecraft:sand":9},"minecraft:crafted":{"minecraft:furnace":2,"minecraft:cooked_mutton":9,"minecraft:glass":9,"iceandfire:armor_silver_metal_chestplate":1,"minecraft:stone_pickaxe":1,"iceandfire:armor_silver_metal_boots":1,"minecraft:glass_bottle":3,"iceandfire:silver_ingot":22,"iceandfire:armor_silver_leggings":1,"minecraft:crafting_table":2,"minecraft:wooden_pickaxe":1,"alexsmobs:cooked_kangaroo_meat":9,"minecraft:birch_planks":32,"minecraft:stone_axe":1,"minecraft:air":0,"iceandfire:armor_silver_metal_helmet":1,"minecraft:stick":12,"minecraft:stone_sword":1,"minecraft:iron_leggings":1,"minecraft:white_bed":1,"minecraft:acacia_planks":32,"minecraft:torch":4,"iceandfire:silver_pickaxe":1,"iceandfire:silver_sword":1,"iceandfire:armor_silver_helmet":1},"minecraft:killed":{"minecraft:spider":2,"mekanismadditions:baby_skeleton":2,"minecraft:skeleton":3,"alexsmobs:straddler":2,"alexsmobs:kangaroo":10,"minecraft:magma_cube":21,"minecraft:creeper":1,"iceandfire:cockatrice":1,"minecraft:sheep":7,"minecraft:zombie":6,"iceandfire:ice_dragon":1},"minecraft:killed_by":{"minecraft:player":1,"iceandfire:sea_serpent":1,"iceandfire:ice_dragon":9},"minecraft:custom":{"minecraft:mob_kills":60,"minecraft:interact_with_crafting_table":19,"minecraft:damage_dealt_resisted":0,"minecraft:time_since_death":19496,"minecraft:damage_resisted":0,"minecraft:sprint_one_cm":253558,"minecraft:walk_one_cm":284997,"minecraft:drop":37,"minecraft:play_time":89385,"minecraft:deaths":12,"minecraft:sneak_time":2467,"minecraft:walk_under_water_one_cm":46409,"minecraft:jump":2033,"minecraft:walk_on_water_one_cm":19437,"minecraft:total_world_time":89385,"minecraft:interact_with_furnace":31,"minecraft:time_since_rest":19208,"minecraft:damage_taken":5108,"minecraft:trigger_trapped_chest":2,"minecraft:damage_dealt":10370,"minecraft:swim_one_cm":93052,"minecraft:fly_one_cm":340465,"minecraft:open_chest":14,"minecraft:crouch_one_cm":8468,"tombstone:undead_killed":11,"minecraft:fall_one_cm":39442},"minecraft:used":{"minecraft:stone_sword":28,"iceandfire:silver_sword":157,"minecraft:iron_sword":133,"minecraft:cooked_chicken":2,"alexsmobs:cooked_kangaroo_meat":9,"minecraft:iron_axe":9,"minecraft:basalt":67,"minecraft:furnace":4,"tombstone:gift":1,"minecraft:cobbled_deepslate":11,"minecraft:iron_leggings":1,"minecraft:cooked_mutton":14,"iceandfire:frozen_gravel":2,"minecraft:stone_pickaxe":70,"minecraft:blackstone":24,"minecraft:wooden_pickaxe":9,"iceandfire:frozen_dirt":1,"minecraft:crafting_table":6,"minecraft:cod":1,"iceandfire:silver_pickaxe":19,"alexsmobs:flying_fish":1,"minecraft:iron_pickaxe":23,"alexsmobs:kangaroo_meat":2,"minecraft:stone_axe":7},"minecraft:picked_up":{"silentgear:raw_crimson_iron":11,"minecraft:crafting_table":6,"minecraft:oak_stairs":2,"silentgear:sinew":9,"minecraft:iron_leggings":1,"minecraft:item_frame":4,"minecraft:blackstone":128,"minecraft:cobbled_deepslate":33,"minecraft:spruce_planks":2,"iceandfire:frozen_gravel":2,"minecraft:birch_sapling":2,"iceandfire:ice_dragon_heart":1,"minecraft:furnace":4,"apotheosis:gem":8,"minecraft:stick":6,"minecraft:raw_iron":4,"iceandfire:dragonbone":9,"minecraft:acacia_log":8,"minecraft:porkchop":4,"tombstone:grave_dust":6,"iceandfire:dragon_skull_ice":1,"minecraft:tnt":3,"iceandfire:silver_ingot":1,"minecraft:arrow":6,"minecraft:rotten_flesh":5,"iceandfire:dragonscales_silver":12,"minecraft:mutton":10,"alexsmobs:flying_fish":8,"alexsmobs:kangaroo_meat":15,"minecraft:white_wool":5,"minecraft:cobblestone":43,"minecraft:birch_log":8,"minecraft:basalt":270,"minecraft:magma_cream":1,"alexsmobs:acacia_blossom":5,"minecraft:birch_planks":22,"minecraft:tuff":1,"minecraft:smooth_sandstone_stairs":5,"croptopia:walnut":2,"minecraft:yellow_bed":1,"minecraft:cooked_mutton":4,"bhc:red_heart":1,"minecraft:bone":6,"minecraft:kelp":4,"minecraft:cooked_chicken":2,"weaponmaster:tutorialbook":1,"tombstone:bag_of_seeds":2,"croptopia:roe":2,"minecraft:acacia_sapling":6,"minecraft:oak_slab":5,"minecraft:book":3,"silentgems:carnelian":3,"minecraft:quartz":2,"minecraft:sand":9,"iceandfire:frozen_dirt":1,"minecraft:bundle":2,"alexsmobs:kangaroo_hide":9,"iceandfire:dragon_ice":1,"minecraft:netherrack":132,"iceandfire:silver_nugget":104,"minecraft:coal":58,"iceandfire:raw_silver":23},"minecraft:dropped":{"minecraft:oak_slab":5,"weaponmaster:tutorialbook":2,"minecraft:cobblestone":1,"minecraft:book":3,"silentgear:sinew":9,"minecraft:item_frame":3,"tombstone:bag_of_seeds":2,"tombstone:grave_key":1,"tombstone:grave_dust":4,"minecraft:oak_stairs":2,"minecraft:bone":4,"alexsmobs:acacia_blossom":5,"alexsmobs:animal_dictionary":1,"minecraft:cobbled_deepslate":26,"minecraft:tuff":1,"minecraft:smooth_sandstone_stairs":5,"minecraft:birch_sapling":2,"minecraft:rotten_flesh":4,"iceandfire:dragon_ice":3,"minecraft:bundle":1,"minecraft:spruce_planks":2,"minecraft:acacia_sapling":6,"minecraft:basalt":205,"minecraft:arrow":5}},"DataVersion":3465}