{"stats":{"minecraft:mined":{"minecraft:furnace":1,"iceandfire:silver_ore":6,"treechop:chopped_log":2,"minecraft:crafting_table":3,"minecraft:grass":2,"minecraft:coal_ore":20,"minecraft:stone":21},"minecraft:custom":{"minecraft:time_since_rest":17849,"minecraft:interact_with_furnace":9,"minecraft:sprint_one_cm":72163,"minecraft:damage_taken":800,"minecraft:walk_one_cm":46761,"minecraft:mob_kills":15,"minecraft:drop":1,"minecraft:damage_dealt":3080,"minecraft:swim_one_cm":12255,"minecraft:interact_with_crafting_table":6,"minecraft:fly_one_cm":92456,"tombstone:undead_killed":1,"minecraft:play_time":17849,"minecraft:sneak_time":107,"minecraft:walk_under_water_one_cm":2799,"minecraft:jump":442,"minecraft:walk_on_water_one_cm":2889,"minecraft:time_since_death":17849,"minecraft:total_world_time":17849,"minecraft:fall_one_cm":11605},"minecraft:crafted":{"iceandfire:silver_ingot":3,"minecraft:crafting_table":1,"minecraft:stick":8,"minecraft:wooden_pickaxe":1,"minecraft:stone_pickaxe":1,"alexsmobs:cooked_kangaroo_meat":9,"minecraft:stone_sword":1,"minecraft:furnace":1,"minecraft:acacia_planks":32,"minecraft:torch":4,"minecraft:stone_axe":1,"iceandfire:silver_sword":1,"minecraft:air":0},"minecraft:dropped":{"alexsmobs:acacia_blossom":1},"minecraft:picked_up":{"minecraft:stick":2,"minecraft:crafting_table":3,"alexsmobs:acacia_blossom":5,"minecraft:acacia_log":8,"minecraft:bone":4,"alexsmobs:kangaroo_hide":9,"minecraft:arrow":1,"minecraft:cooked_chicken":2,"weaponmaster:tutorialbook":1,"minecraft:coal":28,"minecraft:acacia_sapling":3,"alexsmobs:kangaroo_meat":15,"iceandfire:raw_silver":6,"minecraft:cobblestone":21,"minecraft:furnace":1},"minecraft:killed":{"minecraft:skeleton":1,"minecraft:spider":2,"alexsmobs:kangaroo":10,"iceandfire:cockatrice":1},"minecraft:used":{"minecraft:stone_sword":28,"iceandfire:silver_sword":39,"minecraft:stone_pickaxe":39,"minecraft:wooden_pickaxe":9,"minecraft:stone_axe":2,"minecraft:crafting_table":3,"minecraft:furnace":1,"alexsmobs:cooked_kangaroo_meat":9}},"DataVersion":3465}